created_at_est,polarity,tweet
2022-03-05 04:33:13-05:00,1,@teslaownersSV A beautiful home for life
2022-03-04 20:41:59-05:00,0,"Obviously, this would negatively affect Tesla, but sustainable energy solutions simply cannot react instantaneously to make up for Russian oil &amp; gas exports."
2022-03-04 17:33:29-05:00,1,@RenataKonkoly @MLUKBrandenburg @gigafactory_4 @Gf4Tesla @Gruenheide4futr @Stk_Brandenburg Haha sure :)
2022-03-04 15:10:16-05:00,1,@MLUKBrandenburg @gigafactory_4 @Gf4Tesla @Gruenheide4futr @Stk_Brandenburg Ich m√∂chte mich recht herzlich bedanken. Die Zukunft ist sehr spannend! üá©üá™ üá©üá™
2022-03-03 23:14:21-05:00,1,@teslaownersSV @tobyliiiiiiiiii Game on
2022-03-03 13:55:58-05:00,1,"@Teslarati @ResidentSponge In class action lawsuits, the actual plaintiff is always the class action law firm. They just find someone willing to serve as a puppet to ‚Äúrepresent the class‚Äù."
2022-03-03 12:22:20-05:00,1,"@WhatsupFranks @Teslarati @ResidentSponge Yeah, maybe 98"
2022-03-03 12:17:34-05:00,0,@Teslarati @ResidentSponge This old YouTube clip helps explain why former UAW members who work at Tesla are not huge fans of UAW  https://t.co/dncVvZrkoL
2022-03-03 01:31:08-05:00,0,"@ICannot_Enough @genesimmons @JoeBiden By the way, Tesla factory worker compensation is the highest in the auto industry  https://t.co/Peo3qtYc5D"
2022-03-03 00:57:31-05:00,0,"@ICannot_Enough @genesimmons @JoeBiden Our real challenge is Bay Area has negative unemployment, so if we don‚Äôt treat and compensate our (awesome) people well, they have many other offers and will just leave!  I‚Äôd like hereby to invite UAW to hold a union vote at their convenience. Tesla will do nothing to stop them."
2022-03-02 04:29:58-05:00,0,"@teslaownersSV ü§£ü§£ That was me tweeting from @SpaceX when someone else had snatched my name.   I was actually one of the earliest Twitter users, but dropped my account because people were tweeting such trivialities at first. @westcoastbill convinced me to get back in."
2022-03-02 04:22:13-05:00,1,@WholeMarsBlog The probability of Tesla dying in 2008/2009 was very high. We closed our financing round at 6pm on Dec 24th ‚Äì the last working hour of the last day before Tesla would otherwise bounce payroll.
2022-03-01 23:04:55-05:00,1,"@JoeBiden Tesla has created over 50,000 US jobs building electric vehicles &amp; is investing more than double GM + Ford combined  [fyi to person controlling this twitter]"
2022-03-01 22:58:18-05:00,0,"@teslaownersSV @WholeMarsBlog Our primary challenge is affordability. Creating an expensive truck is relatively easy.   If it is extremely hard to do so for Tesla, despite our much greater economies of scale &amp; better technology, then it is damn near impossible for others."
2022-03-01 22:52:27-05:00,1,"@WholeMarsBlog @Teslarati @KlenderJoey Saudi Arabia owns 2/3 of Lucid, so inevitable"
2022-03-01 22:41:03-05:00,0,@Teslarati @KlenderJoey Their negative gross margin will be staggering
2022-02-28 23:00:21-05:00,1,"@DriveTeslaca Depends on what issues we see that are unique to Canada. If things are looking good, then we can lower the safety score threshold."
2022-02-25 14:13:44-05:00,0,@DriveTeslaca We‚Äôve had about 60 or so cars testing internally in Canada. Hoping to go wider this weekend.
2022-02-25 14:05:57-05:00,1,"@teslaownersSV @SpaceX Starlink is a little patchy to Tonga right now, but will improve dramatically as laser inter-satellite links activate"
2022-02-25 02:42:38-05:00,1,@teslaownersSV @moxie Just iMessage &amp; Signal
2022-02-23 14:31:05-05:00,1,@ziqi37 @teslaownersSV @SECGov Exactly
2022-02-22 18:00:52-05:00,0,@DMC_Ryan @CyberpunkGame We‚Äôre working through the general case of making Steam games work on a Tesla vs specific titles. Former is obviously where we should be long-term.
2022-02-22 14:48:59-05:00,0,"@teslaownersSV Small changes usually affect production for less than an hour, as they‚Äôre applied to a few stations during breaks.  Big changes may impact output for a day or two. Reversing out big changes or unexpected parts shortages are what impact several days."
2022-02-22 14:41:22-05:00,1,@teslaownersSV Sometimes 20 small changes in a single week
2022-02-22 07:37:56-05:00,1,@Teslarati @ResidentSponge This is just peeling back the first layer of the corruption onion. Stay tuned ‚Ä¶
2022-02-22 06:37:11-05:00,1,@GailAlfarATX @SpaceX @SirineAti @austinbarnard45 @OwenSparks_ @TacosandTeslas @EvaFoxU @DimaZeniuk @Grandpajoe42 @AstroJordy Yes
2022-02-22 05:52:00-05:00,1,@Teslarati @Writer_01001101 !!
2022-02-21 20:23:06-05:00,1,@TeslaGong ü§£
2022-02-21 12:51:21-05:00,0,"@d4t4wr4ngl3r @Tesla Tesla owners in the greater Giga Texas area will get priority, so yes"
2022-02-20 04:44:02-05:00,0,"@TeslaOwnersEBay @WholeMarsBlog @teslaownersSV @MadonnaInn @telsa @SjvTesla @TeslaClubSoCal @TeslaClubLA @TeslaOwnersNBay @MyTeslaAdventur @teslaownersriv1 @OCTeslaClub @Tesla Depends mostly on FAA certification, but hopefully within 6 months.   We‚Äôre testing on Gulfstreams to debug issues, but deployment priority is commercial airliners."
2022-02-20 04:11:20-05:00,0,@teslaownersSV @MadonnaInn @telsa @SjvTesla @TeslaClubSoCal @TeslaClubLA @TeslaOwnersNBay @MyTeslaAdventur @teslaownersriv1 @OCTeslaClub @Tesla Cybertruck
2022-02-20 04:09:57-05:00,0,"@WholeMarsBlog @teslaownersSV @MadonnaInn @telsa @SjvTesla @TeslaClubSoCal @TeslaClubLA @TeslaOwnersNBay @MyTeslaAdventur @teslaownersriv1 @OCTeslaClub @Tesla Yes, in the air"
2022-02-20 04:04:48-05:00,0,@teslaownersSV @MadonnaInn @telsa @SjvTesla @TeslaClubSoCal @TeslaClubLA @TeslaOwnersNBay @MyTeslaAdventur @teslaownersriv1 @OCTeslaClub @Tesla Probably
2022-02-18 20:58:40-05:00,0,"@RyanZohoury @TeslaCharging @Tesla And, of course, you can pay in √êoge"
2022-02-18 20:54:01-05:00,1,@RyanZohoury @TeslaCharging @Tesla And futuristic diner / drive-in theater planned for Hollywood area!
2022-02-18 04:00:26-05:00,0,@teslaownersSV Pretty much ü§£ü§£
2022-02-17 12:27:57-05:00,0,"@truth_tesla @CoinDesk @Aoyon_A @realDannyNelson For an in-depth explanation, read  https://t.co/eEojD2dQ2k"
2022-02-16 22:40:36-05:00,0,@PPathole @Tesla @SpaceX High pain threshold
2022-02-16 17:39:59-05:00,1,"@westcoastbill I was at a lunch with Munger in 2009 where he told the whole table all the ways Tesla would fail.   Made me quite sad, but I told him I agreed with all those reasons &amp; that we would probably die, but it was worth trying anyway."
2022-02-16 17:20:35-05:00,1,@24_7TeslaNews @SawyerMerritt Ok
2022-02-14 18:54:32-05:00,1,"@TeslaGong Yes, but more ground stations &amp; improved packet routing will make a bigger difference"
2022-02-14 13:53:54-05:00,1,"@TeslaPodcast Wow, that‚Äôs a lot of podcasts! Ok, I will do one. Maybe we could combine with Dave Lee and a few others."
2022-02-13 17:45:10-05:00,0,@ilyasut So many layers with Tesla FSD AI!
2022-02-13 14:26:17-05:00,0,@GailAlfarATX @Tesla ‚ô•Ô∏è
2022-02-13 03:19:01-05:00,1,@teslaownersSV Ancient times
2022-02-12 21:03:42-05:00,0,@Filasophical @TeslaHistorian The fun police made us do it (sigh)
2022-02-12 20:59:54-05:00,1,@TeslaHistorian Now Tesla is worth a trilly willy!
2022-02-08 16:35:50-05:00,0,@POTUS Tesla  https://t.co/3yhDxY2pjA
2022-02-08 00:39:31-05:00,1,@teslaownersSV @boringcompany @mayemusk @kimbal Yup!
2022-02-06 19:17:38-05:00,1,"@Teslarati @13ericralph31 @StarshipGazer As backdrops go, this is a good one"
2022-02-06 14:16:50-05:00,1,@TeslaNY @live_munro Munro understands
2022-02-05 20:20:58-05:00,0,Tesla Model S &amp; X Plaid are so fun!
2022-02-05 01:54:53-05:00,1,@Ali_Tesla585 @teslaownersSV @TheRealKeean Only very high resolution radar is relevant
2022-02-05 01:52:48-05:00,1,"@teslaownersSV @TheRealKeean We have to solve a huge part of AI just to make cars drive themselves.   In retrospect, it was inevitable. The road system is designed for cameras (eyes) &amp; neural nets (brains)."
2022-02-04 10:54:40-05:00,0,@co_tesla üíØ
2022-02-03 17:20:31-05:00,0,@GailAlfarATX @Tesla Tesla is working hard to provide more Megapacks for grid stabilization
2022-02-03 16:31:05-05:00,1,@teslaownersSV Exactly. The terminology is anachronistic.
2022-02-02 10:52:23-05:00,0,@MinimalDuck @Tesla @Gfilche @WholeMarsBlog Tunnels ‚Ä¶
2022-02-01 14:49:26-05:00,1,@TeslaOwnersUK Yes
2022-02-01 01:51:34-05:00,0,"@WholeMarsBlog Tesla is as much a software company as it is a hardware company, both in car and in factory. This is not widely understood."
2022-02-01 01:49:39-05:00,1,"@WholeMarsBlog Tesla has great respect for software engineering, they do not"
2022-01-31 19:40:31-05:00,0,@GerberKawasaki @Tesla @joerogan ‚Ä¶
2022-01-31 15:26:46-05:00,0,"@GailAlfarATX They‚Äôve been writing bogus articles about Tesla (and me) for years. In the end, it is their own credibility that suffers."
2022-01-30 15:57:38-05:00,0,"For reasons unknown, @potus is unable to say the word ‚ÄúTesla‚Äù"
2022-01-30 15:36:44-05:00,0,@GailAlfarATX @POTUS @Tesla @JohnnaCrider1 @SawyerMerritt @WholeMarsBlog @teslaownersSV @TeslaOwnersEBay @Kristennetten @live_munro @BillyM2k @Grimezsz üî•üî•
2022-01-28 16:52:08-05:00,1,@Teslaconomics @stevenmarkryan There will only be EVs in the future
2022-01-28 15:18:54-05:00,1,@Tesmanian_com Excited for future of solar at Tesla!
2022-01-28 13:44:33-05:00,0,@stevenmarkryan Tesla will support FSD licensing by other manufacturers
2022-01-27 21:47:29-05:00,0,"@stevenmarkryan Given how hard insanely FSD is, I think it may take 5 years or more before any company besides Tesla solves it"
2022-01-27 04:22:07-05:00,0,@Gfilche @Tesla ‚ô•Ô∏è
2022-01-25 06:59:55-05:00,0,@technology Our biggest limitation with Fremont is convincing enough associates to build cars when they have so many other job opportunities in the Bay Area!   Thanks again Tesla team for doing the hard work of building real products that people love ‚ô•Ô∏è
2022-01-21 01:38:03-05:00,1,@teslaownersSV An SUV that is faster than a Formula 1 race car  https://t.co/43YJpFDGpf
2022-01-19 16:54:55-05:00,0,@blueskykites @Grimezsz @WholeMarsBlog @SpaceXMR @musky_meme @CovelloMassimo @SpaceX @Kristennetten @EliBurton_ @Erdayastronaut @28delayslater @TeslaAndDoge @bevedoni @TeslaHype @OwenSparks_ @RationalEtienne It‚Äôs true ‚Äì I do think a lot about rocket engine chamber pressure ahaha
2022-01-19 13:05:38-05:00,1,@sdteslaowners @Alandbru Ok
2022-01-19 05:04:10-05:00,1,"Tesla AI might play a role in AGI, given that it trains against the outside world, especially with the advent of Optimus"
2022-01-18 21:31:56-05:00,1,@PPathole @Tesla I was just there. Good progress!
2022-01-18 20:35:18-05:00,0,@tesla_raj People do not yet understand how valuable an autonomous vehicle will be
2022-01-18 02:12:24-05:00,1,"@teslaownersSV Spatial &amp; temporal memory are improving, so there will be less flicker"
2022-01-17 18:55:41-05:00,0,"@DriveTeslaca I obv can‚Äôt comment on every rumor, but this isn‚Äôt true. Am headed to Berlin mid Feb, not this week."
2022-01-17 16:56:53-05:00,0,@teslaownersSV Pretty wild
2022-01-16 19:10:13-05:00,1,@heydave7 @RealDanODowd @nytimes @Tesla @RealDawnProject Green Hills software is a pile of trash. Linux ftw.
2022-01-15 20:35:57-05:00,1,@DriveTeslaca @Tesla Firmware fix to recalibrate heat pump expansion valve is rolling out now
2022-01-15 19:56:47-05:00,1,@DriveTeslaca @Tesla Fixing this is a high priority
2022-01-15 14:01:03-05:00,0,@SawyerMerritt @Tesla Big difference
2022-01-14 02:11:50-05:00,0,Tesla merch buyable with Dogecoin
2022-01-13 16:21:08-05:00,1,@Teslarati @ResidentSponge Almost all input is error. Car should do the right thing automatically.
2022-01-12 18:55:42-05:00,0,@PPathole @Tesla Still working through a lot of challenges with the government
2022-01-11 19:53:37-05:00,0,"@vincent13031925 Tesla is working as fast as possible to support Tesla owners worldwide.   Sustainable energy affects everyone on Earth, as we all share one atmosphere."
2022-01-08 14:31:55-05:00,0,"@BLKMDL3 @Tesla It‚Äôs our best car ever, along with the Plaid X"
2022-01-07 19:29:11-05:00,1,"@WholeMarsBlog It was a mistake to try to use the Elise. In the end, only ~5% of the Elise parts ended up being used. Tesla Roadster is a totally different car."
2022-01-07 19:02:17-05:00,0,Tesla FSD price rising to $12k on Jan 17
2022-01-04 22:37:04-05:00,1,@teslaownersSV Room to improve ‚Ä¶
2022-01-03 14:24:27-05:00,0,@ClaudioOmbrella @Tesla @slcuervo @alex_avoigt @ClubTeslaES @teslaownersSV @TeslaSchweiz @TeslaMotorsClub @vaielettrico üá®üá≠Yay Switzerland!! üá®üá≠
2022-01-02 13:49:50-05:00,0,Great work by Tesla team worldwide!
2021-12-31 21:51:52-05:00,0,@BLKMDL3 @Tesla üî•
2022-03-05 04:33:13-05:00,1,@teslaownersSV A beautiful home for life
2022-03-04 20:41:59-05:00,0,"Obviously, this would negatively affect Tesla, but sustainable energy solutions simply cannot react instantaneously to make up for Russian oil &amp; gas exports."
2022-03-04 17:33:29-05:00,1,@RenataKonkoly @MLUKBrandenburg @gigafactory_4 @Gf4Tesla @Gruenheide4futr @Stk_Brandenburg Haha sure :)
2022-03-04 15:10:16-05:00,1,@MLUKBrandenburg @gigafactory_4 @Gf4Tesla @Gruenheide4futr @Stk_Brandenburg Ich m√∂chte mich recht herzlich bedanken. Die Zukunft ist sehr spannend! üá©üá™ üá©üá™
2022-03-03 23:14:21-05:00,1,@teslaownersSV @tobyliiiiiiiiii Game on
2022-03-03 13:55:58-05:00,1,"@Teslarati @ResidentSponge In class action lawsuits, the actual plaintiff is always the class action law firm. They just find someone willing to serve as a puppet to ‚Äúrepresent the class‚Äù."
2022-03-03 12:22:20-05:00,1,"@WhatsupFranks @Teslarati @ResidentSponge Yeah, maybe 98"
2022-03-03 12:17:34-05:00,0,@Teslarati @ResidentSponge This old YouTube clip helps explain why former UAW members who work at Tesla are not huge fans of UAW  https://t.co/dncVvZrkoL
2022-03-03 01:31:08-05:00,0,"@ICannot_Enough @genesimmons @JoeBiden By the way, Tesla factory worker compensation is the highest in the auto industry  https://t.co/Peo3qtYc5D"
2022-03-03 00:57:31-05:00,0,"@ICannot_Enough @genesimmons @JoeBiden Our real challenge is Bay Area has negative unemployment, so if we don‚Äôt treat and compensate our (awesome) people well, they have many other offers and will just leave!  I‚Äôd like hereby to invite UAW to hold a union vote at their convenience. Tesla will do nothing to stop them."
2022-03-02 04:29:58-05:00,0,"@teslaownersSV ü§£ü§£ That was me tweeting from @SpaceX when someone else had snatched my name.   I was actually one of the earliest Twitter users, but dropped my account because people were tweeting such trivialities at first. @westcoastbill convinced me to get back in."
2022-03-02 04:22:13-05:00,1,@WholeMarsBlog The probability of Tesla dying in 2008/2009 was very high. We closed our financing round at 6pm on Dec 24th ‚Äì the last working hour of the last day before Tesla would otherwise bounce payroll.
2022-03-01 23:04:55-05:00,1,"@JoeBiden Tesla has created over 50,000 US jobs building electric vehicles &amp; is investing more than double GM + Ford combined  [fyi to person controlling this twitter]"
2022-03-01 22:58:18-05:00,0,"@teslaownersSV @WholeMarsBlog Our primary challenge is affordability. Creating an expensive truck is relatively easy.   If it is extremely hard to do so for Tesla, despite our much greater economies of scale &amp; better technology, then it is damn near impossible for others."
2022-03-01 22:52:27-05:00,1,"@WholeMarsBlog @Teslarati @KlenderJoey Saudi Arabia owns 2/3 of Lucid, so inevitable"
2022-03-01 22:41:03-05:00,0,@Teslarati @KlenderJoey Their negative gross margin will be staggering
2022-02-28 23:00:21-05:00,1,"@DriveTeslaca Depends on what issues we see that are unique to Canada. If things are looking good, then we can lower the safety score threshold."
2022-02-25 14:13:44-05:00,0,@DriveTeslaca We‚Äôve had about 60 or so cars testing internally in Canada. Hoping to go wider this weekend.
2022-02-25 14:05:57-05:00,1,"@teslaownersSV @SpaceX Starlink is a little patchy to Tonga right now, but will improve dramatically as laser inter-satellite links activate"
2022-02-25 02:42:38-05:00,1,@teslaownersSV @moxie Just iMessage &amp; Signal
2022-02-23 14:31:05-05:00,1,@ziqi37 @teslaownersSV @SECGov Exactly
2022-02-22 18:00:52-05:00,0,@DMC_Ryan @CyberpunkGame We‚Äôre working through the general case of making Steam games work on a Tesla vs specific titles. Former is obviously where we should be long-term.
2022-02-22 14:48:59-05:00,0,"@teslaownersSV Small changes usually affect production for less than an hour, as they‚Äôre applied to a few stations during breaks.  Big changes may impact output for a day or two. Reversing out big changes or unexpected parts shortages are what impact several days."
2022-02-22 14:41:22-05:00,1,@teslaownersSV Sometimes 20 small changes in a single week
2022-02-22 07:37:56-05:00,1,@Teslarati @ResidentSponge This is just peeling back the first layer of the corruption onion. Stay tuned ‚Ä¶
2022-02-22 06:37:11-05:00,1,@GailAlfarATX @SpaceX @SirineAti @austinbarnard45 @OwenSparks_ @TacosandTeslas @EvaFoxU @DimaZeniuk @Grandpajoe42 @AstroJordy Yes
2022-02-22 05:52:00-05:00,1,@Teslarati @Writer_01001101 !!
2022-02-21 20:23:06-05:00,1,@TeslaGong ü§£
2022-02-21 12:51:21-05:00,0,"@d4t4wr4ngl3r @Tesla Tesla owners in the greater Giga Texas area will get priority, so yes"
2022-02-20 04:44:02-05:00,0,"@TeslaOwnersEBay @WholeMarsBlog @teslaownersSV @MadonnaInn @telsa @SjvTesla @TeslaClubSoCal @TeslaClubLA @TeslaOwnersNBay @MyTeslaAdventur @teslaownersriv1 @OCTeslaClub @Tesla Depends mostly on FAA certification, but hopefully within 6 months.   We‚Äôre testing on Gulfstreams to debug issues, but deployment priority is commercial airliners."
2022-02-20 04:11:20-05:00,0,@teslaownersSV @MadonnaInn @telsa @SjvTesla @TeslaClubSoCal @TeslaClubLA @TeslaOwnersNBay @MyTeslaAdventur @teslaownersriv1 @OCTeslaClub @Tesla Cybertruck
2022-02-20 04:09:57-05:00,0,"@WholeMarsBlog @teslaownersSV @MadonnaInn @telsa @SjvTesla @TeslaClubSoCal @TeslaClubLA @TeslaOwnersNBay @MyTeslaAdventur @teslaownersriv1 @OCTeslaClub @Tesla Yes, in the air"
2022-02-20 04:04:48-05:00,0,@teslaownersSV @MadonnaInn @telsa @SjvTesla @TeslaClubSoCal @TeslaClubLA @TeslaOwnersNBay @MyTeslaAdventur @teslaownersriv1 @OCTeslaClub @Tesla Probably
2022-02-18 20:58:40-05:00,0,"@RyanZohoury @TeslaCharging @Tesla And, of course, you can pay in √êoge"
2022-02-18 20:54:01-05:00,1,@RyanZohoury @TeslaCharging @Tesla And futuristic diner / drive-in theater planned for Hollywood area!
2022-02-18 04:00:26-05:00,0,@teslaownersSV Pretty much ü§£ü§£
2022-02-17 12:27:57-05:00,0,"@truth_tesla @CoinDesk @Aoyon_A @realDannyNelson For an in-depth explanation, read  https://t.co/eEojD2dQ2k"
2022-02-16 22:40:36-05:00,0,@PPathole @Tesla @SpaceX High pain threshold
2022-02-16 17:39:59-05:00,1,"@westcoastbill I was at a lunch with Munger in 2009 where he told the whole table all the ways Tesla would fail.   Made me quite sad, but I told him I agreed with all those reasons &amp; that we would probably die, but it was worth trying anyway."
2022-02-16 17:20:35-05:00,1,@24_7TeslaNews @SawyerMerritt Ok
2022-02-14 18:54:32-05:00,1,"@TeslaGong Yes, but more ground stations &amp; improved packet routing will make a bigger difference"
2022-02-14 13:53:54-05:00,1,"@TeslaPodcast Wow, that‚Äôs a lot of podcasts! Ok, I will do one. Maybe we could combine with Dave Lee and a few others."
2022-02-13 17:45:10-05:00,0,@ilyasut So many layers with Tesla FSD AI!
2022-02-13 14:26:17-05:00,0,@GailAlfarATX @Tesla ‚ô•Ô∏è
2022-02-13 03:19:01-05:00,1,@teslaownersSV Ancient times
2022-02-12 21:03:42-05:00,0,@Filasophical @TeslaHistorian The fun police made us do it (sigh)
2022-02-12 20:59:54-05:00,1,@TeslaHistorian Now Tesla is worth a trilly willy!
2022-02-08 16:35:50-05:00,0,@POTUS Tesla  https://t.co/3yhDxY2pjA
2022-02-08 00:39:31-05:00,1,@teslaownersSV @boringcompany @mayemusk @kimbal Yup!
2022-02-06 19:17:38-05:00,1,"@Teslarati @13ericralph31 @StarshipGazer As backdrops go, this is a good one"
2022-02-06 14:16:50-05:00,1,@TeslaNY @live_munro Munro understands
2022-02-05 20:20:58-05:00,0,Tesla Model S &amp; X Plaid are so fun!
2022-02-05 01:54:53-05:00,1,@Ali_Tesla585 @teslaownersSV @TheRealKeean Only very high resolution radar is relevant
2022-02-05 01:52:48-05:00,1,"@teslaownersSV @TheRealKeean We have to solve a huge part of AI just to make cars drive themselves.   In retrospect, it was inevitable. The road system is designed for cameras (eyes) &amp; neural nets (brains)."
2022-02-04 10:54:40-05:00,0,@co_tesla üíØ
2022-02-03 17:20:31-05:00,0,@GailAlfarATX @Tesla Tesla is working hard to provide more Megapacks for grid stabilization
2022-02-03 16:31:05-05:00,1,@teslaownersSV Exactly. The terminology is anachronistic.
2022-02-02 10:52:23-05:00,0,@MinimalDuck @Tesla @Gfilche @WholeMarsBlog Tunnels ‚Ä¶
2022-02-01 14:49:26-05:00,1,@TeslaOwnersUK Yes
2022-02-01 01:51:34-05:00,0,"@WholeMarsBlog Tesla is as much a software company as it is a hardware company, both in car and in factory. This is not widely understood."
2022-02-01 01:49:39-05:00,1,"@WholeMarsBlog Tesla has great respect for software engineering, they do not"
2022-01-31 19:40:31-05:00,0,@GerberKawasaki @Tesla @joerogan ‚Ä¶
2022-01-31 15:26:46-05:00,0,"@GailAlfarATX They‚Äôve been writing bogus articles about Tesla (and me) for years. In the end, it is their own credibility that suffers."
2022-01-30 15:57:38-05:00,0,"For reasons unknown, @potus is unable to say the word ‚ÄúTesla‚Äù"
2022-01-30 15:36:44-05:00,0,@GailAlfarATX @POTUS @Tesla @JohnnaCrider1 @SawyerMerritt @WholeMarsBlog @teslaownersSV @TeslaOwnersEBay @Kristennetten @live_munro @BillyM2k @Grimezsz üî•üî•
2022-01-28 16:52:08-05:00,1,@Teslaconomics @stevenmarkryan There will only be EVs in the future
2022-01-28 15:18:54-05:00,1,@Tesmanian_com Excited for future of solar at Tesla!
2022-01-28 13:44:33-05:00,0,@stevenmarkryan Tesla will support FSD licensing by other manufacturers
2022-01-27 21:47:29-05:00,0,"@stevenmarkryan Given how hard insanely FSD is, I think it may take 5 years or more before any company besides Tesla solves it"
2022-01-27 04:22:07-05:00,0,@Gfilche @Tesla ‚ô•Ô∏è
2022-01-25 06:59:55-05:00,0,@technology Our biggest limitation with Fremont is convincing enough associates to build cars when they have so many other job opportunities in the Bay Area!   Thanks again Tesla team for doing the hard work of building real products that people love ‚ô•Ô∏è
2022-01-21 01:38:03-05:00,1,@teslaownersSV An SUV that is faster than a Formula 1 race car  https://t.co/43YJpFDGpf
2022-01-19 16:54:55-05:00,0,@blueskykites @Grimezsz @WholeMarsBlog @SpaceXMR @musky_meme @CovelloMassimo @SpaceX @Kristennetten @EliBurton_ @Erdayastronaut @28delayslater @TeslaAndDoge @bevedoni @TeslaHype @OwenSparks_ @RationalEtienne It‚Äôs true ‚Äì I do think a lot about rocket engine chamber pressure ahaha
2022-01-19 13:05:38-05:00,1,@sdteslaowners @Alandbru Ok
2022-01-19 05:04:10-05:00,1,"Tesla AI might play a role in AGI, given that it trains against the outside world, especially with the advent of Optimus"
2022-01-18 21:31:56-05:00,1,@PPathole @Tesla I was just there. Good progress!
2022-01-18 20:35:18-05:00,0,@tesla_raj People do not yet understand how valuable an autonomous vehicle will be
2022-01-18 02:12:24-05:00,1,"@teslaownersSV Spatial &amp; temporal memory are improving, so there will be less flicker"
2022-01-17 18:55:41-05:00,0,"@DriveTeslaca I obv can‚Äôt comment on every rumor, but this isn‚Äôt true. Am headed to Berlin mid Feb, not this week."
2022-01-17 16:56:53-05:00,0,@teslaownersSV Pretty wild
2022-01-16 19:10:13-05:00,1,@heydave7 @RealDanODowd @nytimes @Tesla @RealDawnProject Green Hills software is a pile of trash. Linux ftw.
2022-01-15 20:35:57-05:00,1,@DriveTeslaca @Tesla Firmware fix to recalibrate heat pump expansion valve is rolling out now
2022-01-15 19:56:47-05:00,1,@DriveTeslaca @Tesla Fixing this is a high priority
2022-01-15 14:01:03-05:00,0,@SawyerMerritt @Tesla Big difference
2022-01-14 02:11:50-05:00,0,Tesla merch buyable with Dogecoin
2022-01-13 16:21:08-05:00,1,@Teslarati @ResidentSponge Almost all input is error. Car should do the right thing automatically.
2022-01-12 18:55:42-05:00,0,@PPathole @Tesla Still working through a lot of challenges with the government
2022-01-11 19:53:37-05:00,0,"@vincent13031925 Tesla is working as fast as possible to support Tesla owners worldwide.   Sustainable energy affects everyone on Earth, as we all share one atmosphere."
2022-01-08 14:31:55-05:00,0,"@BLKMDL3 @Tesla It‚Äôs our best car ever, along with the Plaid X"
2022-01-07 19:29:11-05:00,1,"@WholeMarsBlog It was a mistake to try to use the Elise. In the end, only ~5% of the Elise parts ended up being used. Tesla Roadster is a totally different car."
2022-01-07 19:02:17-05:00,0,Tesla FSD price rising to $12k on Jan 17
2022-01-04 22:37:04-05:00,1,@teslaownersSV Room to improve ‚Ä¶
2022-01-03 14:24:27-05:00,0,@ClaudioOmbrella @Tesla @slcuervo @alex_avoigt @ClubTeslaES @teslaownersSV @TeslaSchweiz @TeslaMotorsClub @vaielettrico üá®üá≠Yay Switzerland!! üá®üá≠
2022-01-02 13:49:50-05:00,0,Great work by Tesla team worldwide!
2021-12-31 21:51:52-05:00,0,@BLKMDL3 @Tesla üî•
2021-12-30 16:40:53-05:00,0,@tesla_raj Many UI improvements coming
2021-12-29 12:15:17-05:00,0,@SawyerMerritt Ashok was the first person recruited from my tweet saying that Tesla is starting an Autopilot team!
2021-12-29 11:47:33-05:00,0,@esprit_tesla @chazman @lexfridman Yes
2021-12-26 15:06:14-05:00,1,"@DimaZeniuk @klwtts @TeslaClubNorway @WholeMarsBlog @SawyerMerritt @1stMarsColonist @daelmor @Kristennetten @28delayslater @Inelonwetrust__ @billhuang688 @EvaFoxU @GailAlfarATX As goes Norway, so goes the world. That said, still a long way to go to replace the fleet of combustion vehicles on the road."
2021-12-25 16:00:59-05:00,0,@JonErlichman Or Tesla!
2021-12-24 16:39:30-05:00,0,@PPathole @Tesla That was a crazy tough year. Tesla financing closed at 6pm Christmas Eve ‚Äì last hour of the last day possible. Payroll would otherwise have bounced two days after Christmas.
2021-12-24 11:42:48-05:00,1,Tesla holiday software update goes to wide release today!
2021-12-24 11:37:25-05:00,1,@WholeMarsBlog Tesla is technically a car like an iPhone is technically a phone
2021-12-22 20:28:39-05:00,0,Lots of Tesla cars to deliver before year end! Your support in taking delivery is much appreciated.   Thanks also to the Tesla team working hard during the holidays!
2021-12-22 19:10:53-05:00,0,"Whereas radar has trouble seeing small pedestrians, they‚Äôre obvious to Tesla vision"
2021-12-22 18:04:51-05:00,1,Tesla holiday software release being tested with internal owners today. Broader rollout starts tomorrow evening.
2021-12-22 11:53:18-05:00,1,@teslatidbits @WholeMarsBlog @DanCrenshawTX A strong bias towards consumption tax makes sense
2021-12-21 13:15:53-05:00,0,@harald_murphy @SpaceX @Tesla @Jays200 A lot of improvement still coming just from software updates to satellites &amp; terminals
2021-12-19 18:46:50-05:00,0,@GailAlfarATX @peterdog15 @Tesla Tesla will hold a Giga Texas grand opening party with factory tours for the community in early 2022
2021-12-19 17:23:28-05:00,1,"@teslaownersSV @SpaceX Long way to go to perfect it, but Starship is really next-level"
2021-12-18 00:37:37-05:00,1,Tesla FSD 10.8 plus holiday fun software release probably Tuesday
2021-12-17 05:32:10-05:00,1,@JeanMar49190094 @teslaownersSV It might be
2021-12-17 04:33:11-05:00,0,@StianWalgermo @TeslaCharging @Tesla @WholeMarsBlog @TeslaClubNorway Trondheim sounds cool
2021-12-16 04:33:33-05:00,0,"@TeslaOwnersEBay @PPathole @ScottAdamsSays @johniadarola @SenWarren It‚Äôs complicated, but hopefully out next quarter, along with Witcher. Lot of internal debate as to whether we should be putting effort towards generalized gaming emulation vs making individual games work well."
2021-12-15 23:36:45-05:00,0,@24_7TeslaNews @Tesla ‚ù§Ô∏è
2021-12-15 21:49:28-05:00,0,@ScottAdamsSays @johniadarola @SenWarren I love Dilbert! Use it all the time to illustrate that we‚Äôre doing something wrong at Tesla/SpaceX if it could be a Dilbert cartoon irl. This happens more often than I‚Äôd like (sigh).
2021-12-14 06:47:05-05:00,1,@TeslaNY @live_munro Munro rocks!
2021-12-14 06:27:23-05:00,0,Tesla will make some merch buyable with Doge &amp; see how it goes
2021-12-12 05:04:01-05:00,1,"@RationalEtienne @balajis Sonic, the Hedgehog, game coming to all Teslas!"
2021-12-11 20:16:16-05:00,1,@teslaownersSV It takes 20 years (time from conception to adult) to reverse demographic trends
2021-12-10 14:07:12-05:00,1,"@TeslaDylan @SawyerMerritt Not at first, but there are many third party options for wrapping"
2021-12-10 00:35:00-05:00,0,@SawyerMerritt Tesla China has done amazing work
2021-12-09 16:36:05-05:00,1,@teslaownersSV üî•üî•
2021-12-08 00:53:06-05:00,0,@tesla_raj Lot of people don‚Äôt realize that you can watch almost any show in a Tesla
2021-12-07 00:03:33-05:00,1,@teslafsdbeta Replacing faulty/missing neurons with circuits is the right way to think about it. Many problems can be solved just bridging signals between existing neurons.  Progress will accelerate when we have devices in humans (hard to have nuanced conversations with monkeys) next year.
2021-12-06 21:23:30-05:00,1,@teslaownersSV Did it myself ü§£
2021-12-06 16:37:50-05:00,0,@DrSallyL @Tesla Coming soon. Lot of cool stuff.
2021-12-06 16:18:43-05:00,1,"@kimpaquette Tesla publishes accident statistics quarterly. They are so much better than other vehicles, it is ridiculous.  https://t.co/q44lsk1BnK"
2021-12-06 01:35:48-05:00,0,"As always, Tesla is looking for hardcore AI engineers who care about solving problems that directly affect people‚Äôs lives in a major way.  https://t.co/0B5toOOHcj"
2021-12-03 12:00:42-05:00,0,"@teslaownersSV @WholeMarsBlog It releases internally today, then rolls out to external beta in a few days if no significant issues are found"
2021-12-03 11:58:24-05:00,1,@teslaownersSV @WholeMarsBlog Yes
2021-11-30 20:16:05-05:00,0,Blow the whistle on Tesla!  https://t.co/c86hLA0iQK
2021-11-30 15:14:45-05:00,1,@TeslaGong @GerberKawasaki Suits will need to be made in high volume at an affordable cost &amp; be much easier to use
2021-11-29 14:07:20-05:00,1,"@Teslarati @ResidentSponge It will still be very intense, just slightly less than in the past"
2021-11-28 22:14:41-05:00,0,"@SawyerMerritt This is true. Also, Tesla employees get health insurance, stock &amp; other benefits."
2021-11-27 04:05:09-05:00,1,@EvaFoxU @teslaownersSV Yeah
2021-11-27 04:02:31-05:00,0,"@teslaownersSV Hypothetically, if they did make lots of electric cars, then they would be the leader"
2021-11-26 09:09:46-05:00,1,"@existentialcoms Combined Tesla+SpaceX market cap is now over $1.2T, which means ‚Äú$4.9B‚Äù is less than 0.4% of combined company value"
2021-11-26 08:46:13-05:00,1,"@marenkahnert @Kristennetten @RationalEtienne @FalkenSchwer @NuovaRealta @PPathole @WholeMarsBlog @EvaFoxU @Tesla It has always been Tesla‚Äôs view that all subsidies should be eliminated, but that must include the massive subsidies for oil &amp; gas.   For some reason, governments don‚Äôt want to do that ‚Ä¶"
2021-11-25 19:19:22-05:00,1,"@teslaownersSV Great, hope yours is too!"
2021-11-25 19:18:17-05:00,1,@teslaownersSV Haha true
2021-11-25 15:47:57-05:00,1,@Teslarati @ResidentSponge Seriously!!??
2021-11-25 05:07:24-05:00,1,@BLKMDL3 @Tesla Sorry it took so long
2021-11-25 01:02:32-05:00,1,@TeslaNY Jay rocks!
2021-11-24 22:51:44-05:00,1,@teslainventory Yes
2021-11-24 13:29:56-05:00,1,"@PPathole @Teslarati @13ericralph31 If we are able to make life self-sustaining on Mars, we will have passed one of the greatest filters. That then sets us up to become interstellar.  Earth is ~4.5B years old, but life is still not multiplanetary and it is extremely uncertain how much time is left to become so."
2021-11-24 12:35:20-05:00,0,"@Teslarati @13ericralph31 Earth has been and will be smashed super hard by meteors over time. Not a question of if, just when."
2021-11-24 12:32:59-05:00,1,"@Teslarati @13ericralph31 In 1992, comet Shoemaker-Levy smashed a hole in Jupiter the size of Earth  https://t.co/nruaHoSIAQ"
2021-11-24 12:29:36-05:00,1,"@Teslarati @13ericralph31 This will be really important one day.   Much is made of meteor impacts that destroyed most life on Earth, but there were far more that ‚Äúmerely‚Äù destroyed a continent.   Comets (not asteroids) are the real wild card, as we‚Äôre only able to track ~4600 out of  ~1 trillion."
2021-11-23 05:49:24-05:00,1,@WholeMarsBlog I was able to do several zero takeover drives around Austin last night using random map pin drops (no Tesla has ever done these routes)
2021-11-22 16:40:46-05:00,0,@billhuang688 @teslaownersSV @boringcompany We do need to have the Fallout-themed party! Aiming to do that once international travel restrictions are lifted.
2021-11-22 16:38:39-05:00,0,"@mickakers @teslaownersSV @boringcompany Meant to say county (sigh). Airport will be part of it, but required additional federal approvals."
2021-11-22 16:07:24-05:00,1,"@teslaownersSV @boringcompany It‚Äôs either traffic forever or tunnels. Try our first operational tunnel in Vegas at the convention center! The city just approved a full tunnel network, connecting major hotels, convention center &amp; airport."
2021-11-22 00:23:19-05:00,0,@DavidSacks Let‚Äôs see if we can get them to say the word ‚ÄúTesla‚Äù!
2021-11-22 00:15:49-05:00,0,@DavidSacks Maybe they are NPCs and Tesla just isn‚Äôt in their dialogue tree?
2021-11-21 18:14:30-05:00,1,"@teslaownersSV @jasontallman @YouTube I bounce around WSJ, NYT, BBC, Bloomberg, WaPo &amp; twitter generally.   Better to follow individual journalists than publications, as there is a wide range of quality."
2021-11-20 19:34:13-05:00,1,"@teslaownersSV Unfortunately, there is just no way to make a motorcycle safe. Motorcyclist deaths per mile are ~29 times higher than car occupants.  https://t.co/zu5HAzNFhe"
2021-11-20 19:14:17-05:00,1,@teslaownersSV Much has changed
2021-11-19 22:48:07-05:00,1,@Teslarati @SpaceX @RDAnglePhoto I love these shots
2021-11-19 22:25:59-05:00,1,@teslaownersSV @UniverCurious Electrical &amp; mechanical engineering
2021-11-19 22:19:11-05:00,0,"@tesla_addicted One of the improvements to FSD vision involves training with actual photon counts, so removing the filters used to make pictures pretty to the human eye"
2021-11-19 22:04:00-05:00,1,"@hohocho @Tesla Should be coming back online now. Looks like we may have accidentally increased verbosity of network traffic.  Apologies, we will take measures to ensure this doesn‚Äôt happen again."
2021-11-19 17:17:18-05:00,0,@hohocho @Tesla Checking ‚Ä¶
2021-11-19 13:35:49-05:00,1,@Teslarati @ResidentSponge I suspect that article was written before the drive even took place
2021-11-18 18:13:28-05:00,0,"@RenataKonkoly @WR4NYGov It‚Äôs great that they‚Äôve changed their tune these days, but the truth is that GM tried damn hard to kill the electric car!  If not for competitive pressure from Tesla, they would be doing nothing.    https://t.co/BAa6mXvbrZ"
2021-11-16 23:38:23-05:00,0,"@Teslarati @13ericralph31 Limiting factor for first launch is regulatory approval. Thereafter, fundamental issue is solving engine production.  Prototypes are easy, production is hard."
2021-11-16 17:17:40-05:00,0,"@BillyM2k @heydave7 Indeed. Over time, Tesla will generate hundreds of billions for the government in terms of employee income tax, product sales tax and property tax, in addition to profit taxation."
2021-11-15 22:04:13-05:00,0,@RyanZohoury @Tesla @TeslaCharging @BLKMDL3 We are waiting for permit approval from Santa Monica
2021-11-15 20:49:51-05:00,1,@FutureIsTesla @michaelromose @spurtmagoo @SarahKSilverman @SenSanders I like to dig my grave real deep ü§£ü§£
2021-11-15 13:56:00-05:00,0,"@PPathole @teslaownersSV @Kristennetten @itsALLrisky @SenSanders Yes, that is the other major source of dilution. All employees receive stock after a year at Tesla and we now have over 100,000 employees worldwide."
2021-11-15 13:43:19-05:00,1,"@teslaownersSV @Kristennetten @itsALLrisky @SenSanders I had majority control for the first 5 years or so of Tesla, but car companies need lots of capital, so now I‚Äôm around 20% or so, despite putting in as much as I could along the way"
2021-11-13 14:15:08-05:00,1,"@ICannot_Enough Please don‚Äôt read too much into this. As mentioned publicly, Tesla is constrained by chip supply short-term &amp; cell supply long-term.   Not possible to produce additional vehicles in volume until both constraints are addressed."
2021-11-13 14:12:05-05:00,1,"@GailAlfarATX @JohnnaCrider1 @WholeMarsBlog @TeslaOwnersEBay @RationalEtienne @EvaFoxU @Boxabl I‚Äôve actually been living in a ~$50k house in south Texas for past 2 years, not Boxabl (cool product tho).   Feels more homey to live in a small house."
2021-11-13 13:48:44-05:00,0,@slashdot Tesla Megapack batteries will help stabilize the grid this winter
2021-11-13 07:18:11-05:00,1,@PPathole @teslaownersSV @SamTwits Exactly
2021-11-12 21:08:41-05:00,1,"@teslaownersSV @SamTwits Once the board was presented with the evidence of Eberhard‚Äôs deception/fraud &amp; the dire state of the company, all board members, including those he appointed, voted unanimously to fire him in August 2007."
2021-11-12 21:03:26-05:00,0,@teslaownersSV @SamTwits Thinking of doing a podcast ‚ÄúHardcore History‚Äù style that tells what really happened at Tesla in those early years
2021-11-12 21:01:26-05:00,1,"@teslaownersSV @SamTwits He came damn close to killing Tesla through a combination of bad management decisions, driving out talented people, bad engineering, major blunders in supply chain &amp; an elaborate deception about the true cost &amp; schedule of the Tesla Roadster."
2021-11-12 20:49:41-05:00,0,"@SamTwits Founding story of Tesla as portrayed by Eberhard is patently false. I wish I had never met him.  Eberhard is by far the worst person I‚Äôve ever worked with in my entire career. Given how many people I‚Äôve worked with over the years, that‚Äôs really saying something ‚Ä¶"
2021-11-11 21:20:38-05:00,1,"@teslaownersSV @24_7TeslaNews @SpaceX No guarantees, but maybe next month. Requires quite a lot of incremental testing &amp; code tweaks for different road system in Canada."
2021-11-11 21:18:03-05:00,1,@24_7TeslaNews @teslaownersSV @SpaceX Hoping to start releasing to 98 scores with V10.5 in about 10 days
2021-11-11 21:15:59-05:00,1,@teslaownersSV @SpaceX Ancient times
2021-11-11 17:06:45-05:00,1,"@SamTwits I hope they‚Äôre able to achieve high production &amp; breakeven cash flow. That is the true test.   There have been hundreds of automotive startups, both electric &amp; combustion, but Tesla is only American carmaker to reach high volume production &amp; positive cash flow in past 100 years."
2021-11-07 19:13:28-05:00,1,@WholeMarsBlog I had too many bottles of Teslaquila!
2021-11-07 14:32:37-05:00,1,"@24_7TeslaNews @WholeMarsBlog We are rolling 10.4 out slowly, as there are many subtle hardware differences in the owner fleet. If it continues to look good over the next few days, we may start rolling out to 98 safety scores."
2021-11-06 17:24:31-04:00,0,@Rainmaker1973 Tesla Autopilot spends a lot of effort on minimizing jerk
2021-11-06 16:10:49-04:00,0,"Much is made lately of unrealized gains being a means of tax avoidance, so I propose selling 10% of my Tesla stock.  Do you support this?"
2021-11-05 22:25:56-04:00,0,"@teslaownersSV Haha true! The top alternate name, if we couldn‚Äôt acquire the Tesla Motors trademark, was Faraday, which a competitor ended up using."
2021-11-04 16:18:21-04:00,0,@Jon4Lakers @Tesla We will post finer-grained details of software improvements going forward
2021-11-04 16:15:42-04:00,0,@koolio @Jon4Lakers @Tesla Exactly. Improved memory will cause predictions to converge &amp; reduce jitter.
2021-11-04 13:19:47-04:00,1,"@Teslarati @Writer_01001101 In the future, any Tesla you use will automatically sync to your preferences"
2021-11-04 11:26:29-04:00,0,@BLKMDL3 @Jon4Lakers @Tesla Probable
2021-11-04 11:08:25-04:00,1,@Jon4Lakers @Tesla Neural net upgrades coming that improve persistence across time &amp; space (better object permanence)
2021-11-04 02:52:00-04:00,1,@teslaownersSV Cool :)
2021-11-02 19:50:57-04:00,1,@teslaownersSV !
2021-11-01 22:41:32-04:00,1,"@teslaownersSV You‚Äôre welcome!  If any of this is based on Hertz, I‚Äôd like to emphasize that no contract has been signed yet.  Tesla has far more demand than production, therefore we will only sell cars to Hertz for the same margin as to consumers.  Hertz deal has zero effect on our economics."
2021-11-01 12:05:16-04:00,0,@silverph @ring @TOCNYS @Tesla @TeslaNY ü§£
2021-11-01 11:48:55-04:00,1,Trial program for opening Tesla Superchargers to other EVs has begun
2021-10-31 19:02:20-04:00,0,"@garycruz @truth_tesla @zshahan3 @garyblack00 @WholeMarsBlog @SawyerMerritt Yup, 2nd UAW president in a row. Unlikely to be the last."
2021-10-31 18:47:15-04:00,0,@truth_tesla @zshahan3 @garyblack00 @WholeMarsBlog @SawyerMerritt  https://t.co/WAWkkEMvS5
2021-10-31 18:44:33-04:00,0,@truth_tesla @zshahan3 @garyblack00 @WholeMarsBlog @SawyerMerritt  https://t.co/DxY57KUcmf
2021-10-31 18:35:44-04:00,0,@truth_tesla @zshahan3 @garyblack00 @WholeMarsBlog @SawyerMerritt Biden is a UAW üß¶ puppet
2021-10-31 18:10:11-04:00,0,"@SawyerMerritt @Tesla By definition, since I own ~20% of Tesla, ~80% of stock gains necessarily went to investors &amp; employees!"
2021-10-31 10:43:55-04:00,1,"@DrEliDavid If WFP can describe on this Twitter thread exactly how $6B will solve world hunger, I will sell Tesla stock right now and do it."
2021-10-30 21:36:51-04:00,1,"@hsumacher @Tesla Indeed. The factory was empty at the time, stripped of all equipment that wasn‚Äôt worth even its scrap value. But we salvaged what was left &amp; fixed up the old machines so some could work again."
2021-10-29 22:00:15-04:00,0,@InsideEVs Thanks on behalf of Tesla
2021-10-29 12:53:04-04:00,0,@ray4tesla ‚ÄúTesla Hertz Shorts‚Äù
2021-10-28 14:28:58-04:00,0,@teslaownersSV @Teslarati @ResidentSponge Tesla always pays its debts
2021-10-28 12:45:53-04:00,0,@ecommerceshares The cemetery of automotive startups over the past century is very large &amp; will get larger. Tesla &amp; Ford are the only American car companies that haven‚Äôt gone bankrupt.
2021-10-28 12:26:25-04:00,0,"@TeslaHype @Teslarati @ResidentSponge Indeed, US taxpayers actually profited from the Tesla loan"
2021-10-28 12:23:17-04:00,0,"@Teslarati @ResidentSponge GM &amp; Chrysler were bailed out (money never repaid), but Tesla was not.  Crucial Tesla investment actually came from Daimler in 2009, from which they did very well.  Tesla received govt energy efficiency loan in 2010, by which time capital markets reopened. Loan was repaid early."
2021-10-27 18:33:47-04:00,0,@tesla_raj üëª
2021-10-27 18:33:16-04:00,1,@tesla_raj You can also talk through the car speaker. Great for practical jokes :)
2021-10-27 17:28:22-04:00,0,"@JayinShanghai That math is incorrect, but still a lot of devices per second!   I guess if Tesla can reach 20M cars/year, that would be one every ~1.5 seconds!"
2021-10-26 22:01:50-04:00,1,"@teslaownersSV Wow, 13 years ago"
2021-10-26 17:49:02-04:00,1,@TheBabylonBee I feel like this has happened at Tesla a few times
2021-10-26 09:27:44-04:00,0,"@PPathole @Tesla Reducing traffic fatalities by 90% seems likely, perhaps ultimately by over 99%"
2021-10-26 09:12:16-04:00,1,@Tesla This is more important than it may seem at first
2021-10-26 09:05:25-04:00,0,"@LudaLisl @sat1 @Hertz Also, Tesla will soon be a German car manufacturer."
2021-10-25 17:04:24-04:00,1,@Teslarati @KlenderJoey I‚Äôd like to express appreciation to Tesla Autopilot engineering &amp; QA for working round the clock all weekend to resolve the problem
2021-10-25 17:02:51-04:00,0,"@Teslarati @KlenderJoey Sorry to Tesla beta users for the trouble! Issue turned out to be power saving mode interacting with FSD.   Our internal QA fleet didn‚Äôt see this, because cars are constantly in use, so very rarely enter power saving mode. Internal QA will obv test this case going forward."
2021-10-25 16:57:16-04:00,0,"@GerberKawasaki Strange that moved valuation, as Tesla is very much a production ramp problem, not a demand problem"
2021-10-24 15:48:51-04:00,0,@ProTheDoge Lots of people I talked to on the production lines at Tesla or building rockets at SpaceX own Doge. They aren‚Äôt financial experts or Silicon Valley technologists. That‚Äôs why I decided to support Doge ‚Äì it felt like the people‚Äôs crypto.
2021-10-24 14:47:27-04:00,1,@BillyM2k @TeslaGong @mishaboar @DogecoinFdn üíØ
2021-10-24 14:44:57-04:00,1,"@itsALLrisky @TeslaGong @mishaboar @DogecoinFdn Possibly. Bitcoin was conceived at a time of relatively low bandwidth &amp; high latency. If both continue to improve substantially, we will reach a point when no second layer is needed."
2021-10-24 14:31:14-04:00,1,"@TeslaGong @mishaboar @DogecoinFdn Not recently. What matters imo is lowering fees, decreasing block time &amp; increasing block size. A single layer network with exchanges as de facto layer 2 seems like the simplest solution for a medium of exchange."
2021-10-22 12:26:21-04:00,1,@teslaownersSV @boringcompany It‚Äôs gonna be great!
2021-10-21 22:01:29-04:00,0,"@teslaownersSV @Erdayastronaut Yeah, although early production cars will need camera upgrades, as well as FSD computer (all included in the price)"
2021-10-21 19:40:09-04:00,0,@TeslaNY @boringcompany @Tesla @maddiewhitetv This will be cool
2021-10-21 14:25:40-04:00,1,@Teslarati @ResidentSponge We are
2021-10-20 23:17:59-04:00,0,@BabyTesla3 @teslaownersSV @TheRealBuzz Very soon
2021-10-20 23:16:04-04:00,0,"@OwenSparks_ @teslaownersSV @TheRealBuzz Yeah, when we‚Äôre out of beta"
2021-10-20 23:14:23-04:00,1,@teslaownersSV @TheRealBuzz Most likely
2021-10-20 22:43:24-04:00,0,@DirtyTesla @Tesla Yup
2021-10-19 23:36:46-04:00,1,"@MatchasmMatt @NHTSAgov Objectively, her track record is extremely biased against Tesla"
2021-10-17 20:00:53-04:00,1,@teslaownersSV ‚ô•Ô∏è
2021-10-17 00:33:44-04:00,0,"@harrison_astro We can do that partially, but detailed rocket technology is considered advanced weaponry (same tech as nuclear missiles), so there are more limitations than at Tesla"
2021-10-17 00:06:40-04:00,0,@AnythingTesla @Tesla Yeah
2021-10-16 23:39:03-04:00,1,@TrungTPhan Maybe Buffett should invest in Tesla haha
2021-10-15 00:12:22-04:00,1,@teslaownersSV Technical details will be in release notes
2021-10-14 12:58:36-04:00,1,@Teslarati @ResidentSponge Haha
2021-10-14 12:15:46-04:00,0,@WR4NYGov @Tesla @LucidMotors @Rivian If it possible to start an EV company without shipping any cars &amp; get a valuation less than a billion dollars!?
2021-10-14 12:09:04-04:00,1,"@Gfilche @WR4NYGov @Tesla @LucidMotors @Rivian I hope they have a high pain tolerance. Scaling production, supply chain, logistics &amp; service is a world of hurt."
2021-10-14 12:07:39-04:00,0,@andrewkaylor @Gfilche @WR4NYGov @Tesla @LucidMotors @Rivian ü§£
2021-10-14 11:58:33-04:00,0,@WR4NYGov @Tesla @LucidMotors @Rivian These are strange days
2021-10-14 05:33:15-04:00,0,@JayinShanghai @brc06 @Tesla @TeslaCharging @teslacn They will
2021-10-14 02:59:25-04:00,1,@TeslaClubLA @PhilBrock4SM @SaMoMayor @SaMoManager Hoping to get this done soon
2021-10-12 18:37:46-04:00,1,@JeffTutorials @Manic_Marge @Tesla Maybe next week. We‚Äôd like to get to 10.3 before expanding the beta.
2021-10-12 18:35:57-04:00,0,@Manic_Marge @Tesla Always
2021-10-12 18:33:54-04:00,1,@teslaownersSV @JonErlichman üòú
2021-10-12 17:18:20-04:00,1,"@teslaownersSV Production, supply chain &amp; logistics are so hard!"
2021-10-11 14:23:12-04:00,1,@Teslarati @Writer_01001101 All the stairwells currently shown as wood-clad will actually have graffiti
2021-10-11 12:29:20-04:00,0,"@matty_mogul @Tesla @karpathy Just want to emphasize this is the work of hundreds of awesome engineers in both software &amp; hardware, over 1000 data analysts &amp; billions of owner miles"
2021-10-10 03:06:51-04:00,1,@Sofiaan @Tesla Team is in fact working hard! They just confirmed 10.2 is good to go tomorrow night.
2021-10-09 20:24:17-04:00,1,@SawyerMerritt @AustinTeslaClub Hell yeah
2021-10-09 17:18:21-04:00,1,"@flcnhvy These are nice, but high time we built a really big Tesla coil!"
2021-10-09 10:43:57-04:00,1,"@truth_tesla It will hopefully achieve sustained cycle time of 45 seconds. At 75% uptime over an average week, that‚Äôs ~10k/week if run 24/7."
2021-10-09 05:42:43-04:00,1,@teslaownersSV Sunday/Monday
2021-10-08 14:50:04-04:00,0,@LifeofMikej @TeslaOwnersBC @DriveTeslaca @Tesla @Teslarati There are many small joys as you explore the car &amp; more to come via software updates
2021-10-08 06:04:12-04:00,1,"If you‚Äôd like to join Tesla AI, but can‚Äôt easily move to Palo Alto or Austin, that is acceptable for extremely excellent candidates where inefficiency of distance is overcome by talent"
2021-10-08 05:57:45-04:00,0,Please consider joining Tesla AI software or hardware teams!  https://t.co/HgigdtenKN
2021-10-07 10:42:36-04:00,1,"@Teslarati @13ericralph31 It‚Äôs a big deal that Dragon is reusable, with improved refurbishment efficiency with each passing flight! This is not the case for other orbital spacecraft.  It means the spacefleet grows every time a new Dragon is made."
2021-10-07 10:29:23-04:00,1,"@TeslaClubWI Note, quality of experience can vary dramatically, as our neural nets have far more training data in some parts of the country than others, but this should improve rapidly with more driving in those regions."
2021-10-07 10:24:47-04:00,1,@TeslaClubWI Yes
2021-10-05 16:54:39-04:00,1,@F_Nela1 @Teslarati ü§£ü§£
2021-10-05 14:58:28-04:00,0,@cleantechnica Tesla always pays its debts
2021-10-04 14:57:46-04:00,1,"@Teslarati @KlenderJoey This was *extremely* difficult. Huge props to Tesla engineering, supply chain, production &amp; key suppliers."
2021-10-03 19:29:42-04:00,0,@StianWalgermo @Tesla @WholeMarsBlog Wow!
2021-10-02 16:59:37-04:00,1,@alex_avoigt Manufacturing will be Tesla‚Äôs long-term competitive strength
2021-10-02 14:51:50-04:00,0,‚ô•Ô∏è‚ô•Ô∏è Congrats Tesla team! ‚ô•Ô∏è‚ô•Ô∏è
2021-10-01 07:47:41-04:00,0,@CStyles45 @Tesla Pushed a week to align with 10.2
2021-09-29 19:31:52-04:00,1,"@Gfilche @freshjiva No guarantees, but I think it will. This is  a big part of what I meant by Tesla‚Äôs long-term competitive advantage being manufacturing technology."
2021-09-27 17:27:16-04:00,1,@Teslarati @KlenderJoey ‚ÄúISIS‚Äù
2021-09-27 04:57:02-04:00,0,@Rainmaker1973 Illustrates why Tesla sales will soon exceed mass of universe
2021-09-25 17:47:10-04:00,0,@SawyerMerritt @Tesla Absolutely! Tesla team rocks üíï
2021-09-25 16:40:33-04:00,0,"@Sushihunter2 @pitt_geoff @rajz06 @Tesla @Everman We use no cobalt at all in most of our cars &amp; tiny amounts in others (going to zero soon), whereas phones &amp; laptops primarily use cobalt"
2021-09-25 15:45:21-04:00,1,@Teslarati @KlenderJoey  https://t.co/lN4RH9u99a
2021-09-22 17:36:05-04:00,0,@EvaFoxU @ChesterNoBS @truth_tesla Giga Berlin will help a lot
2021-09-22 14:33:20-04:00,0,@EvaFoxU @ChesterNoBS @truth_tesla Logistics is underrated
2021-09-22 14:20:46-04:00,0,"@EvaFoxU @ChesterNoBS @truth_tesla Exactly. Giga Shanghai makes cars for export in first half of quarter, then cars for far away parts of China, then cars for nearby parts of China.   Net result is a crazy wave of deliveries end of quarter. It is tough on our team, so we‚Äôre hoping to reduce the wave in Q4 &amp; Q1."
2021-09-21 23:13:40-04:00,0,@HistoryInPics Tesla is the king of car farts!
2021-09-21 21:54:46-04:00,1,"@cybrtrkguy The regulatory process for approval to offer insurance is extremely slow &amp; complex, varying considerably by state.   Tesla is hoping to offer real-time (based on actual driving history) insurance in Texas next month.  Probably next year before we get approval in New York."
2021-09-21 01:15:37-04:00,1,@TeslaOwnersEBay @TeslaGong @inspiration4x Definitely upgraded toilets :) We had some challenges with it this flight.
2021-09-21 00:41:20-04:00,0,"@TeslaGong @inspiration4x Yeah, a little oven for heating food &amp; Starlink wifi"
2021-09-20 15:12:37-04:00,0,@ray4tesla Tesla has not yet decided on a fourth Gigafactory location
2021-09-20 03:29:33-04:00,0,"@AustinTeslaClub To be precise, completely &amp; immediately reusable orbital rockets are the fundamental breakthrough needed to make life multiplanetary"
2021-09-20 03:27:07-04:00,0,@teslaownersSV @Tesla Which games did they like most?
2021-09-20 00:00:51-04:00,1,@teslaownersSV @TeslaGong @WholeMarsBlog Good
2021-09-19 23:59:19-04:00,1,"@TeslaGong @teslaownersSV @WholeMarsBlog No, has to be turned on by car owner"
2021-09-19 23:58:01-04:00,1,@teslaownersSV @WholeMarsBlog Tesla insurance calculator will show status in real-time &amp; tell you what actions are needed to be rated ‚Äúgood driver‚Äù
2021-09-19 18:08:25-04:00,0,@FiveTweetTSLA @tesla_lion @archillect Seems that way
2021-09-19 11:32:45-04:00,0,@AustinTeslaClub @Tesla @TeslaOwnersEBay @TeslaOwnersUAE @EvaFoxU @leastImAlive @teslaownersSV @gailalfa1 @live_munro @OwenSparks_ I wish there were more
2021-09-19 11:31:33-04:00,1,@AustinTeslaClub @Tesla @TeslaOwnersEBay @TeslaOwnersUAE @EvaFoxU @leastImAlive @teslaownersSV @gailalfa1 @live_munro @OwenSparks_ So few products that you truly love üíï
2021-09-18 18:47:27-04:00,1,"@TeslaGong @BryceSpaceTech Yes  No, but it will get refilled &amp; maybe cargo transfer"
2021-09-18 15:54:05-04:00,1,"@kittynouveau Probably will trap a Tesla with the production Autopilot build, but won‚Äôt work with FSD. Using a ring of cones would stop FSD though."
2021-09-18 05:19:30-04:00,1,@Aristot21520213 @ray4tesla Exactly
2021-09-17 18:29:21-04:00,1,@TeslaNY Jay is right
2021-09-17 03:18:59-04:00,1,"@IvanEscobosa Beta button will request permission to assess driving behavior using Tesla insurance calculator. If driving behavior is good for 7 days, beta access will be granted."
2021-09-17 03:08:07-04:00,1,@Gf4Tesla Yes
2021-09-17 02:58:09-04:00,1,@EliBurton_ @SpaceX @zubinanary @MyTeslaAdventur Truth is stranger than fiction
2021-09-16 15:16:56-04:00,1,@teslaownersSV Maneuverability is important for safety
2021-09-12 15:38:14-04:00,1,@TeslaPodcast Nice drive
2021-09-11 17:34:50-04:00,0,"@WholeMarsBlog To be fair, investors are giving us significant credit for achieving self-driving, given that Tesla‚Äôs valuation/production is very high compared to other automakers"
2021-09-11 16:25:32-04:00,1,@BLKMDL3 @teslaownersSV Three weeks
2021-09-11 15:55:42-04:00,1,@teslaownersSV Digital clock coming in 2 weeks
2021-09-11 09:46:49-04:00,1,"@Teslarati @ResidentSponge Highway stack is still production version, as it is more polished than FSD for now. Single stack for all should release in 10.1."
2021-09-10 20:08:22-04:00,0,@JeffTutorials An early season episode of the Tesla soap opera!
2021-09-10 18:23:14-04:00,0,"@nuerburgring @Tesla Great work by Tesla team, with special thanks to Tesla Automation in Pr√ºm, who were critical to many high-performance parts of Plaid!"
2021-09-10 16:32:11-04:00,0,"@nuerburgring @Tesla Alter falter! Dankesch√∂n N√ºrburgring, Tesla wird geerht.  https://t.co/oNykiTzkde"
2021-09-10 08:26:23-04:00,1,@Teslarati @13ericralph31 @SpacePadreIsle Booster static fire on orbital launch mount hopefully next week
2021-09-09 19:01:09-04:00,0,"@AaronS5_ Tesla doesn‚Äôt have the bandwidth to do it, but there are some good third party mod shops"
2021-09-09 18:57:46-04:00,0,"Next will be modified Plaid with added aero surfaces, carbon brakes &amp; track tires (all things that can be done without Tesla being in the loop)"
2021-09-09 18:51:55-04:00,1,"Tesla Model S Plaid just set official world speed record for a production electric car at Nurburgring. Completely unmodified, directly from factory.  https://t.co/AaiFtfW5Ht"
2021-09-09 06:57:25-04:00,1,@TeslaGong @Neuro_Skeptic Are you the same today as you were yesterday?
2021-09-06 18:09:59-04:00,1,@JeffTutorials Tesla audio engineering is great
2021-09-04 14:10:50-04:00,0,@SP_LimitReviews @Tesla @CodingMark @Manic_Marge @teslainventory @WholeMarsBlog Lot of good work happening on Tesla sound codec &amp; audio software in general. Aiming for maximum music dopamine in your brain!
2021-09-03 15:43:14-04:00,1,"@flcnhvy @WholeMarsBlog @truth_tesla @LimitingThe This is obv debatable, but I‚Äôd call anything with ~300 miles / ~500 km of true usable travel distance ‚Äúlong range‚Äù, beyond that ‚Äúvery long range‚Äù"
2021-09-03 15:14:18-04:00,1,"@WholeMarsBlog @truth_tesla @LimitingThe There are vast amounts of iron (and lithium) on Earth, but much less nickel.   For global industry to scale battery production to ~10 TWh/year, it needs to be mostly iron.  Higher energy density of Nickel only needed for very long range vehicles &amp; aircraft."
2021-09-03 13:03:01-04:00,1,@truth_tesla @LimitingThe Our new cell is 46mm diameter with steel shell &amp; even that was huge challenge for propagation resistance
2021-09-03 12:58:40-04:00,0,"@truth_tesla @LimitingThe Yes.   Physics of large cells means distance from cooling loop to center of cell is high, so harder to prevent hotspots.  Then, pressure &amp; heat released from large cell in weak bag make it impossible to stop whole pack from burning.  Pretty basic."
2021-09-03 02:51:15-04:00,0,"@LimitingThe Generally agree, but probability of thermal runaway is dangerously high with large pouch cells. Tesla strongly recommends against their use."
2021-09-02 22:31:50-04:00,0,@teslaownersSV And Beta 10 is a step change improvement from what you have!
2021-09-02 15:10:20-04:00,1,"@TeslaAIBot @EffinZach Ur welcome, pls be nice to the humans"
2021-09-02 13:58:26-04:00,1,"@EffinZach The robots are coming anyway, as Boston Dynamics videos clearly show.   I will not be able to ensure that robots made by other companies are safe, but I can try my best to do so at Tesla."
2021-09-01 21:42:39-04:00,0,"@IvanEscobosa That is the aspiration, but we need to be cautious. Safety is always paramount at Tesla."
2021-09-01 15:32:05-04:00,1,"@Kristennetten @StianWalgermo @Tesla @ARKInvest @WholeMarsBlog @alex_avoigt @Teslarati @TeslaPodcast @mortenlund89 I was in the Berlin paint shop talking to the team on my last visit. It‚Äôs gonna be great!   But bear in mind that it takes about a year for a new factory to reach volume production. Production is super hard work, which is why I have great respect for those who do it."
2021-09-01 14:33:17-04:00,0,@StianWalgermo @Tesla @ARKInvest @WholeMarsBlog @alex_avoigt @Teslarati @TeslaPodcast @mortenlund89 @Kristennetten Norway FTW üá≥üá¥ üíï
2021-09-01 14:28:54-04:00,1,@Max9907826460 @TeslaratiTeam Our new crane!
2021-08-31 04:08:24-04:00,1,"@coffeetabletsla @Ali_Tesla585 @NYKChannel Good point, agreed."
2021-08-31 04:07:06-04:00,0,@Ali_Tesla585 @NYKChannel This might be part of the problem: ‚ÄúGM is warning owners not to charge their Bolts in or near their homes overnight‚Äù    https://t.co/HIgO979oJ7
2021-08-30 18:18:03-04:00,1,@JeffTutorials Thank for bringing this up. Tesla will expedite service center openings. Have you tried our mobile service that comes to you?
2021-08-30 05:57:47-04:00,0,@SamTwits @truth_tesla @DougCoupland @Grimezsz ~110k
2021-08-30 05:55:34-04:00,0,@truth_tesla @DougCoupland @Grimezsz I added the Archangel-12 part ‚Ä¶ and obviously have a fondness for the letter X
2021-08-29 00:28:43-04:00,1,@teslaownersSV Of course
2021-08-28 04:26:53-04:00,1,@teslaownersSV Sure
2021-08-26 00:49:21-04:00,1,@WholeMarsBlog Tesla China rocks!
2021-08-25 19:19:06-04:00,1,@TeslaTruckClub Nice
2021-08-23 16:55:11-04:00,1,"@TeslaGong @PPathole @SpaceX There is a profound difference between single-planet &amp; multiplanet species.   If we are able to visit other stars one day, we may discover many long-dead single-planet civilizations."
2021-08-23 03:43:50-04:00,1,@teslaownersSV I never said this!
2021-08-21 02:18:18-04:00,1,"@WholeMarsBlog @FutureJurvetson @Tesla @karpathy Bot is not directly on the path of accelerating a sustainable energy future, but it aspirationally improves the probability that the future is good"
2021-08-21 02:03:27-04:00,0,@FutureJurvetson @Tesla @karpathy Pretty wild
2021-08-20 00:08:53-04:00,0,"@teslaownersSV @westcoastbill We have almost all the pieces needed for humanoid robots, since we already make robots with wheels"
2021-08-18 06:36:21-04:00,0,@CodingMark @Tesla True
2021-08-14 22:14:59-04:00,1,@TylerG1998 @Teslarati @RDAnglePhoto Real time
2021-08-14 22:12:53-04:00,1,"@Teslarati @RDAnglePhoto First orbital stack of Starship should be ready for flight in a few weeks, pending only regulatory approval"
2021-08-14 15:16:32-04:00,1,@AustinTeslaClub @AustinDeSisto We will make it happen!
2021-08-14 10:59:55-04:00,1,@TeslaOwnersEBay @AustinTeslaClub @JaneidyEve @Manic_Marge @brookec_4 @Kristennetten @OwenSparks_ @Inelonwetrust__ @CodingMark @WhatsupFranks ‚ô•Ô∏è‚ô•Ô∏è
2021-08-14 10:56:01-04:00,1,@BLKMDL3 @TeslaCharging Major Supercharger openings in west LA coming soon!
2021-08-13 18:11:41-04:00,0,@999BPM @tesla_adri @WholeMarsBlog As Jeffrey Besos is amply demonstrating
2021-08-13 18:09:03-04:00,0,@999BPM @tesla_adri @WholeMarsBlog No amount of money can defy physics
2021-08-12 07:17:50-04:00,0,"@CathieDWood Tesla makes cars for export in first half of quarter &amp; for local market in second half.   As publicly disclosed, we are operating under extreme supply chain limitations regarding certain ‚Äústandard‚Äù automotive chips.   Most problematic by far are Renesas &amp; Bosch."
2021-08-12 00:47:59-04:00,1,@alex_avoigt @sparkpaul @techhmt @Teslarati @KlenderJoey Yup
2021-08-11 17:16:41-04:00,1,@Teslarati @KlenderJoey I‚Äôd recommend they get their first plant working. It‚Äôs insanely difficult to reach volume production at affordable unit cost.
2021-08-11 14:34:59-04:00,1,@Teslarati @ResidentSponge It‚Äôs gonna be awesome
2021-08-06 18:42:12-04:00,1,@teslaownersSV Long time
2021-08-06 04:05:04-04:00,0,@IvanEscobosa @ajtourville @Tesla Probably
2021-08-06 03:25:28-04:00,0,"@ajtourville @Tesla Tesla Automation (Deutschland) built a specialized machine to wrap the rotor with carbon fiber at precise tension.   If too low, it would come loose at low temp, due to CTE differences. If too high, it would snap at high temp &amp; rpm."
2021-08-05 02:31:39-04:00,0,"@cleantechnica Yeah, seems odd that Tesla wasn‚Äôt invited"
2021-08-05 02:29:15-04:00,1,@teslaownersSV @WalterIsaacson He‚Äôs shadowed me for several days so far
2021-08-04 23:05:10-04:00,0,"If you‚Äôre curious about Tesla, SpaceX &amp; my general goings on, @WalterIsaacson is writing a biography"
2021-08-04 10:47:12-04:00,0,@AustinTeslaClub That is the goal. Our official name is actually Space Exploration Technologies. SpaceX is short form.
2021-08-04 01:26:43-04:00,0,"@teslaownersSV @NASA I thought we had lost for sure. We were just a tiny company back then, only 1 of 4 launches got to orbit &amp; I had no money left. Out of the blue, a few days before Christmas, NASA calls to say we won."
2021-08-04 01:18:14-04:00,0,"@teslaownersSV @NASA Just want to say thanks to those in government who fight hard for the right thing to happen, despite extreme pressure to do otherwise.   Therein lies the core goodness of the American state."
2021-08-04 01:09:38-04:00,1,"@teslaownersSV @NASA I do love NASA, always have"
2021-08-04 01:01:15-04:00,1,@teslaownersSV @NASA It‚Äôs true
2021-08-03 22:41:15-04:00,0,@teslaownersSV The sheer amount of time Tesla has spent dealing with bike lane is staggering. Short answer ‚Ä¶ yes.
2021-08-03 14:28:39-04:00,1,@TeslaFruit Thanks Sandy!
2021-08-02 19:02:44-04:00,0,"@Teslarati @KlenderJoey Hard to believe it‚Äôs been 15 years already.   Those goals actually precede the creation of Tesla by many years. Goes back to probably ~1992 when I was in college. However, at the time, I thought the chance of achieving those goals was very low."
2021-08-02 17:05:13-04:00,0,@tesla4k @MatanMazursky It was difficult
2021-07-31 21:35:54-04:00,1,@Teslarati üëç
2021-07-31 17:47:56-04:00,0,@doge_southern @truth_tesla @ConsumerReports They do
2021-07-31 17:42:36-04:00,0,"@truth_tesla @ConsumerReports Reason we hustled so much to get Autopilot V1 out was that someone driving non-Autopilot Tesla fell asleep, crashed &amp; killed cyclist (Tesla driver was uninjured).  Driver nonetheless sued us saying new car smell made him fall asleep (sigh). Judge didn‚Äôt agree."
2021-07-31 17:11:09-04:00,0,@WholeMarsBlog The Tesla AI predictions are swiftly becoming superhuman ‚Äì its guesses for what it can‚Äôt see well feel like ESP. It has a vastly larger training set than any human &amp; thinks only about driving.
2021-07-31 01:16:59-04:00,0,"@SawyerMerritt Tesla policy is never to give in to false claims, even if we would lose, and never to fight true claims, even if we would win."
2021-07-30 13:42:16-04:00,1,@JamesClayton5 @markgurman @tim_cook Cook &amp; I have never spoken or written to each other ever.   There was a point where I requested to meet with Cook to talk about Apple buying Tesla. There were no conditions of acquisition proposed whatsoever.   He refused to meet. Tesla was worth about 6% of today‚Äôs value.
2021-07-30 11:34:34-04:00,0,@Teslarati @ResidentSponge Only thing beyond ludicrous is Plaid
2021-07-30 01:31:17-04:00,0,@PPathole @Tesla Exactly
2021-07-30 01:10:56-04:00,1,"@WholeMarsBlog This should be clear to anyone who has experienced the FSD beta evolution.   Self-driving requires solving a major part of real-world AI, so it‚Äôs an insanely hard problem, but Tesla is getting it done.   AI Day will be great."
2021-07-29 15:31:23-04:00,0,@AustinTeslaClub @Tesla @FutureJurvetson @TeslaForThe_Win @TeslaNY @EvaFoxU @co_tesla @Gf4Tesla @bentv_sh @gailalfa1 Feels so long ago
2021-07-29 01:44:25-04:00,1,@stevenmarkryan Convincing the best AI talent to join Tesla is the sole goal
2021-07-29 00:52:25-04:00,0,Tesla AI Day August 19th
2021-07-29 00:35:36-04:00,1,@itsALLrisky @Teslarati ü§î
2021-07-28 23:44:31-04:00,0,"@WR4NYGov Haha ok, I will do the Tesla shareholder meeting in a posh British accent"
2021-07-28 23:30:39-04:00,1,"@Teslarati These guys are either shady, ü•ú or both. I mean seriously there‚Äôs a long list of companies to pick on before Tesla ‚Ä¶"
2021-07-27 15:02:50-04:00,1,"@DimaZeniuk @truth_tesla That‚Äôs a low bar. Carmakers have never valued software engineering highly, although VW is trying to change that.   I personally wrote software for 20 years &amp; have huge respect for software engineers. Tesla is on par with best software companies &amp; is leader in real world AI."
2021-07-27 14:53:22-04:00,1,"@truth_tesla Tesla software team is excellent even when compared to the best software companies. This is a big deal, as cars are very much computers on wheels."
2021-07-27 11:34:20-04:00,0,@teslaownersSV @Tesla Great work by Tesla Giga Berlin team &amp; supporting contractors!
2021-07-27 01:50:56-04:00,1,@stevenmarkryan @heydave7 @TeslaPodcast @MartinViecha Fair enough
2021-07-26 20:04:36-04:00,0,"@Gfilche Ships are probably fine with iron cells, but aircraft need very high energy density for good range.   I‚Äôm not saying Tesla will do aircraft ‚Äì we have our hands full with cars &amp; solar/battery power generation ‚Äì just that max energy density is needed for aircraft."
2021-07-26 05:04:42-04:00,1,"@rich_teer @Tesla We will try. Preferable for Tesla too, as they last so long. Unlike other makers of cars, our goal is *not* to profit from service. Best service is not needing service in the first place."
2021-07-26 00:25:49-04:00,0,@LarryKellogg @DirtyTesla @Tesla That is the acid test
2021-07-25 22:47:34-04:00,0,@FrRonconi @Tesla @JoannMoretti @fogle_shane @JolaBurnett @JeroenBartelse @PawlowskiMario @MargaretSiegien @DigitalColmer @CurieuxExplorer @Shi4Tech @Hana_ElSayyed @anand_narang @kalydeoo Cool
2021-07-25 15:41:58-04:00,1,@Teslarati @KlenderJoey Norway has played a major role in supporting advent of electric vehicles!
2021-07-25 15:32:53-04:00,1,@AaronJoelGeorge @Teslarati @KlenderJoey Length will grow by ~500 ft over time
2021-07-25 15:31:01-04:00,0,"@AaronJoelGeorge @Teslarati @KlenderJoey The building is ~7 stores tall, so each ‚Äúfloor‚Äù is double size. Hard to appreciate unless you‚Äôre close."
2021-07-25 15:19:49-04:00,1,@Teslarati @KlenderJoey I was at Giga Texas yesterday. Team is making excellent progress. Building will be almost a mile long when complete.
2021-07-25 03:27:48-04:00,1,@Teslarati @KlenderJoey  https://t.co/yaLaJdTv9r
2021-07-25 03:24:34-04:00,0,@BLKMDL3 @arctechinc @Tesla Several improvements coming via V9.1 on Friday at midnight
2021-07-25 01:24:41-04:00,0,@ValaAfshar @Tesla Tesla Giga Shanghai team has done amazing work!
2021-07-24 04:30:10-04:00,1,@WhatsupFranks @Teslarati The comments on this article are funny
2021-07-24 04:22:10-04:00,1,"@Teslarati Large pouch cells undergo significant volumetric changes at high state of charge.  Even so, fire risk is probably less than gasoline cars. There are over 200,000 combustion engine car fires every year in US alone. It‚Äôs literally in the name.   https://t.co/uJPlB3IbzQ"
2021-07-23 23:30:30-04:00,1,@AustinTeslaClub @cleantechnica That‚Äôs the goal!
2021-07-23 16:28:42-04:00,0,"@TeslaGong @madan3 If Tesla is able to succeed with imported vehicles, then a factory in India is quite likely."
2021-07-23 04:37:48-04:00,0,@SamTwits @MKBHD Tesla Model S Plaid is alien technology
2021-07-22 16:33:39-04:00,1,@teslaownersSV ü§£ü§£
2021-07-22 16:29:23-04:00,1,@AustinTeslaClub @RoschetzkyP @Tesla @TeslaNY @TeslaOwnersEBay @TeslaForThe_Win @jchybow @1stMarsColonist @EvaFoxU @heydave7 @gailalfa1 Also lasts much longer than normal roofs &amp; is able to withstand hail &amp; other medium-sized impacts
2021-07-20 18:06:23-04:00,1,"@TesLatino We created our own connector, as there was no standard back then &amp; Tesla was only maker of long range electric cars.   It‚Äôs one fairly slim connector for both low &amp; high power charging.   That said, we‚Äôre making our Supercharger network open to other EVs later this year."
2021-07-19 00:52:10-04:00,1,@DragTimes @Tesla Nice
2021-07-19 00:16:01-04:00,0,@grimnut @Tesla @WholeMarsBlog @DirtyTesla Haha
2021-07-17 16:21:29-04:00,0,@billycrammer @Tesla Cool!
2021-07-17 03:29:02-04:00,1,@JeffTutorials @TonyTesla4Life @WholeMarsBlog Yes
2021-07-17 03:26:29-04:00,0,"@TonyTesla4Life @WholeMarsBlog Wide beta maybe with FSD rev 10, definitely with rev 11"
2021-07-16 16:10:45-04:00,1,@Teslarati Improving permit approval speed &amp; lowering permit costs for solar would make a big difference
2021-07-16 13:32:10-04:00,1,@TeslaNY Do you even press?
2021-07-16 02:14:24-04:00,1,@AustinTeslaClub @SpaceX @austinbarnard45 @PPathole @TeslaOwnersEBay @bluemoondance74 @teslaownersSV @JohnnaCrider1 @TeslaNY Absolutely!
2021-07-15 02:44:52-04:00,0,@TeslaGong @ajtourville @PPathole @Adamklotz_ @AaronS5_ @crheller @SpaceX Some traffic could just go terminal -&gt; satellite -&gt; satellite -&gt; terminal and never touch the regular Internet
2021-07-14 16:39:51-04:00,1,"@SamTwits @TeslaOwnersEBay @Kristennetten @RationalEtienne @EvaFoxU @JohnnaCrider1 @TeslaChillMode @CodingMark @Model3Owners @WholeMarsBlog @AustinTeslaClub Due to lack of banging, civilization might ended with a whimper! Adult diaper sales growth is much higher than baby diaper sales growth.   https://t.co/eYk3nJNf6s"
2021-07-14 15:34:19-04:00,0,"@SamTwits @TeslaOwnersEBay @Kristennetten @RationalEtienne @EvaFoxU @JohnnaCrider1 @TeslaChillMode @CodingMark @Model3Owners @WholeMarsBlog @AustinTeslaClub This is a major problem! Between civilization ending with a bang or a whimper, this trend suggests the latter."
2021-07-14 14:42:23-04:00,1,@doge_southern @SamTwits @TeslaOwnersEBay @Kristennetten @RationalEtienne @EvaFoxU @JohnnaCrider1 @TeslaChillMode @CodingMark @Model3Owners @WholeMarsBlog @AustinTeslaClub Next baby will be a girl
2021-07-14 14:41:26-04:00,1,@doge_southern @SamTwits @TeslaOwnersEBay @Kristennetten @RationalEtienne @EvaFoxU @JohnnaCrider1 @TeslaChillMode @CodingMark @Model3Owners @WholeMarsBlog @AustinTeslaClub Me too!
2021-07-14 13:25:37-04:00,1,"@TeslaOwnersEBay @Kristennetten @RationalEtienne @EvaFoxU @JohnnaCrider1 @TeslaChillMode @CodingMark @Model3Owners @WholeMarsBlog @AustinTeslaClub I‚Äôm trying to set a good example! Population collapse is a much bigger problem than people realize and that‚Äôs just for Earth.  Mars has a great need for people, seeing as population is currently zero.  Humans are the custodians of other life on Earth. Let us bring life to Mars!"
2021-07-12 01:00:15-04:00,0,"@DriveTeslaca @EliBurton_ @Tesla Action will follow recognition soon thereafter. Also, call will listen for sirens &amp; alarms."
2021-07-12 00:55:58-04:00,0,"@EliBurton_ @Tesla It will soon capture turn signals, hazards, ambulance/police lights &amp; even hand gestures"
2021-07-10 13:08:51-04:00,0,"@DirtyTesla @vincent13031925 Yeah, goal is to reflect reality, so screen render will become increasingly so"
2021-07-09 20:54:15-04:00,1,"@TeslaGong @PPathole @MattWallace888 It won‚Äôt need to reach visa speed, as regulated exchanges will act as de facto second layer.   But the perfect should not be the enemy of the good ‚Äì it is still good to increase base layer transaction speed &amp; lower base layer transaction cost."
2021-07-09 17:43:33-04:00,1,Tesla Solar Roof + Powerwall in major new housing development in Austin  https://t.co/u7NJAswFW2
2021-07-09 03:43:58-04:00,1,@TeslaNY Sigh
2021-07-08 22:11:00-04:00,0,"@heydave7 Running preproduction software is both work &amp; fun. Beta list was in stasis, as we had many known issues to fix.   Beta 9 addresses most known issues, but there will be unknown issues, so please be paranoid.  Safety is always top priority at Tesla."
2021-07-08 19:32:37-04:00,1,@ElonardoM @WholeMarsBlog @FrenchieEAP @kimpaquette @28delayslater @AIDRIVR @Gfilche @HyperChangeTV @teslaownersSV @RationalEtienne ü§£ü§£
2021-07-08 03:28:44-04:00,0,"@teslaownersSV Beta 9 will start uploading at midnight California time on Friday. Bear in mind, it is still just a beta!"
2021-07-08 03:17:57-04:00,0,"@JeffTutorials @agokimpian @Vancity_Tesla @WholeMarsBlog @teslaownersSV Depends on how the limited beta goes. If it goes well, maybe a month or so."
2021-07-08 03:11:33-04:00,1,@agokimpian @Vancity_Tesla @WholeMarsBlog @teslaownersSV Improved FSD screen. Attempting to show the ‚Äúmind‚Äù of the car.
2021-07-08 03:04:03-04:00,1,@WholeMarsBlog @teslaownersSV Saturday
2021-07-08 03:02:21-04:00,1,@teslaownersSV Releasing Beta V9 end of week
2021-07-07 20:24:46-04:00,0,@EZebroni @Tesla Expect rapid improvement with pure vision
2021-07-07 17:31:16-04:00,0,@Tesmanian_com Nikola Tesla was born in Croatia (to Serbian parents)!
2021-07-07 15:46:37-04:00,0,"@TeslaOwnersDE And by 2060, Tesla production will exceed the mass of the Universe!"
2021-07-07 13:43:06-04:00,1,"@weddleandsons @Tesla Working with Weddle and Sons Roofing has been a great collaboration for accelerating Tesla Solar Roof installation!   This is a lot of work, as tens of millions of homes need solar roofs! If you are a roofing company, please consider adding Solar Roof to your offerings."
2021-07-05 07:53:16-04:00,0,@TaiigerBlue @Tesla @omarsultan @pauljamil @WholeMarsBlog @slye @JohnnaCrider1 @teslaownersSV @tesla_raj @Manic_Marge It‚Äôs awesome
2021-07-04 05:08:15-04:00,1,@TeslaStars Regen (using motor) braking means brake pads almost never need to be replaced
2021-07-04 03:22:35-04:00,0,@teslaownersSV @Tesla Cool
2021-07-03 00:50:43-04:00,0,"@Model3Owners @Tesla Friday afternoons are usually Tesla design studio time. Cybertruck will be almost exactly what was shown. We‚Äôre adding rear wheel steering, so it can do tight turns &amp; maneuver with high agility.  Lot of other great things coming."
2021-07-02 18:14:03-04:00,1,@24_7TeslaNews @teslaownersSV @FelixSchlang Both great
2021-07-02 18:12:53-04:00,1,@teslaownersSV @FelixSchlang Two weeks
2021-07-02 18:10:56-04:00,1,"@teslaownersSV @NatGeo Yes. Long-term, all settings will be in your Tesla app and car will auto adjust."
2021-07-02 10:02:28-04:00,1,"Congrats Tesla Team on over 200,000 car built &amp; delivered in Q2, despite many challenges!!"
2021-07-02 09:58:19-04:00,0,"@CarlosV_Resiste @pcgamer These days, I mostly just play Polytopia, which comes free with every Tesla!  https://t.co/KVpAVS2F8q"
2021-07-02 00:16:20-04:00,0,@Adamklotz_ @mrgreyev @DirtyTesla @Tesla Sure. We can show them live. Eerily realistic. Maybe we should make a game.
2021-07-02 00:10:49-04:00,0,"@mrgreyev @DirtyTesla @Tesla When we need strange training examples, eg half a car on highway, Tesla sim delivers.   Also, accidents on Autopilot are becoming rarer, so we need more close call examples.  For safety tests, Autopilot sees dummy far away. Emergency braking only needed for distracted drivers."
2021-07-02 00:01:38-04:00,0,"@DirtyTesla @Tesla Yeah, it‚Äôs next-level &amp; will just keep getting better with more training data from fleet. Tesla sim team is also crushing it."
2021-07-01 04:42:02-04:00,1,"@teslaownersSV @SpaceX I do live in a $50k house, but not this specific one"
2021-06-30 16:26:25-04:00,0,@PPathole @Tesla @SpaceX Basic MRI is easier than it sounds good tbh. High resolution MRI in short time with weak magnetic field is hard.
2021-06-29 00:11:34-04:00,1,"@DirtyTesla Production release update coming this week, which includes raising max speed to 80 mph. Sorry, 75 mph limit was done as precautionary measure. Turned out to be unnecessary."
2021-06-25 18:52:41-04:00,0,"@marcodzo @Tesla Sometimes people think it is performance, but safety is always the primary design requirement for a Tesla"
2021-06-25 08:31:50-04:00,0,"@jpr007 Actually, a great many parts are produced by our suppliers, but Tesla is more vertically integrated than other carmakers"
2021-06-25 06:22:16-04:00,0,"@WholeMarsBlog @teslaownersSV @SpaceX I‚Äôm driving ‚Äúalpha‚Äù 9, but we need to fix some obvious issues before releasing beta 9, hopefully next week. FSD subscription capability should be turning on via the Tesla app."
2021-06-25 06:08:05-04:00,1,"@teslaownersSV @SpaceX ‚ÄúIt will be like this, but bigger‚Äù"
2021-06-23 22:37:21-04:00,1,@TeslaGong @torybruno At least a few years before Starlink revenue is reasonably predictable. Going public sooner than that would be very painful. Will do my best to give long-term Tesla shareholders preference.
2021-06-23 22:03:10-04:00,0,Shout out to the awesome Tesla global team. Thanks for working so hard to make Tesla successful!
2021-06-23 09:59:51-04:00,1,@Teslarati @ResidentSponge ??
2021-06-21 17:41:20-04:00,0,@ashleevance Tesla financing round closed at 6pm Dec 24th 2008 ‚Äì last hour of last day possible or payroll would‚Äôve bounced 2 days later. I gave Tesla last of my remaining cash from PayPal. Didn‚Äôt even own a house or anything sellable.
2021-06-21 15:52:34-04:00,1,"Looking at holding Tesla AI Day in about a month or so. Will go over progress with Tesla AI software &amp; hardware, both training &amp; inference. Purpose is recruiting."
2021-06-20 00:06:16-04:00,1,@teslaownersSV Yeah
2021-06-18 23:09:56-04:00,0,@weddleandsons @Tesla Nice work
2021-06-18 20:18:57-04:00,0,@udonandtempura @Tesla Haha pretty much
2021-06-18 20:17:12-04:00,1,@teslaownersSV True
2021-06-18 19:28:46-04:00,0,"@Tesla Peak acceleration is over 1.2 g‚Äôs, which is 20% faster than falling"
2021-06-17 15:30:46-04:00,0,@DonIsiko @eroxer310 @MotorTrend @Tesla True
2021-06-17 15:25:59-04:00,1,@eroxer310 @MotorTrend @Tesla Steam engines are even better!
2021-06-17 15:01:55-04:00,1,@Teslarati @13ericralph31 @NASASpaceflight @thejackbeyer We might use SN16 on a hypersonic flight test
2021-06-16 23:07:54-04:00,0,@DimaZeniuk @Tesla @WholeMarsBlog @dami_kolz @Kristennetten @1stMarsColonist @melaniemadri @daelmor @RationalEtienne @EvaFoxU @AstroJordy @28delayslater It is an honor to work with such talented engineers
2021-06-16 06:01:15-04:00,1,@Teslarati @13ericralph31 I love carbs
2021-06-16 02:32:56-04:00,1,@Aakashy78549221 @tesla_raj Nice
2021-06-16 01:53:17-04:00,0,@RationalEtienne @tesla_raj Maybe we should advertise informationally just so people know stuff like this exists
2021-06-16 01:51:42-04:00,1,@RationalEtienne @tesla_raj Most people have no idea just how good the Tesla air purification system is. Literally 10X better than any other car.
2021-06-16 01:49:58-04:00,1,"@RationalEtienne @tesla_raj Oh man, home hvac that is super energy efficient, quiet &amp; purifies the air would be great. We developed it for the car, but it can be scaled up for home use."
2021-06-16 00:36:21-04:00,0,@tesla_raj New HVAC firmware coming soon that will make it quieter
2021-06-15 15:53:15-04:00,1,"@gmalca @Tesla True, we somewhat overcompensated on Bluetooth antenna capability haha. Will work on turning it down near your destination."
2021-06-13 14:35:54-04:00,1,"@Cointelegraph This is inaccurate. Tesla only sold ~10% of holdings to confirm BTC could be liquidated easily without moving market.  When there‚Äôs confirmation of reasonable (~50%) clean energy usage by miners with positive future trend, Tesla will resume allowing Bitcoin transactions."
2021-06-13 14:14:58-04:00,0,@ajtourville Fiber is wound over rotor at high tension load. Machine to do this was made by Tesla Automation.  Carbon sleeve must put copper rotor in compression or it loosens at low temp due to differential thermal expansion.   Preload is also helpful for maintaining precise gap to stator.
2021-06-11 17:25:39-04:00,1,@Teslarati @KlenderJoey At last!
2021-06-11 01:38:32-04:00,0,Order Tesla Model S Plaid at  https://t.co/LuUhICqQEI
2021-06-11 01:21:28-04:00,1,@lexfridman Tesla engineering is awesome!
2021-06-10 18:20:17-04:00,0,@TeslaNY @LVCVA People like it!
2021-06-09 20:25:01-04:00,1,@teslaownersSV Exactly
2021-06-09 15:04:51-04:00,1,"@leastImAlive @PPathole Yeah, sold my houses, except for 1 in Bay Area that‚Äôs rented out for events.   Working on sustainable energy for Earth with Tesla &amp; protecting future of consciousness by making life multiplanetary with SpaceX. Also, AI risk mitigation with Neuralink &amp; fixing traffic with Boring."
2021-06-09 14:53:00-04:00,1,"@PPathole Exactly. Only time I sell Tesla stock is when my stock options are expiring &amp; I have no choice.   Btw, I will continue to pay income taxes in California proportionate to my time in state, which is &amp; will be significant."
2021-06-09 14:34:41-04:00,1,@Teslarati Tesla Europe team is doing great!
2021-06-07 18:51:30-04:00,1,@CJ_NFA @WholeMarsBlog @WR4NYGov @Teslarati @stevenmarkryan @28delayslater @garyblack00 @GerberKawasaki @JosephVVallace @SawyerMerritt ü§£ü§£
2021-06-07 17:43:04-04:00,1,@Teslaconomics The long-term strength of Tesla will be manufacturing technology
2021-06-06 08:11:18-04:00,1,@LarsEdelmann1 @Jamie_ORourke @Tesla Maybe
2021-06-06 07:39:01-04:00,0,@teslaownersSV The operating costs of a Tesla are also much lower than a gasoline cruiser!
2021-06-02 08:52:04-04:00,0,"@teslaownersSV Thanks :) Seriously, it was so insane! Fud still happening a little, but doesn‚Äôt resonate when enough people have the product."
2021-06-02 08:27:02-04:00,1,"@WholeMarsBlog That‚Äôs where we get most of our lithium. Also, whereas phone batteries make heavy use of cobalt in cathode, Tesla uses primarily nickel, which is trickier, but has better energy density (range).  Iron cathode cells are now competitive for stationary packs &amp; mid range cars."
2021-06-02 06:50:18-04:00,1,@Teslarati @ResidentSponge  https://t.co/porMpnWtuk
2021-06-02 06:44:34-04:00,1,@teslaownersSV We went public for $3.40/share!
2021-06-02 01:04:50-04:00,1,@Teslarati @Writer_01001101 Sigh
2021-06-01 02:38:00-04:00,0,"@WorldofTesla1 Yeah, new Model S &amp; X have PS5 level entertainment computing power"
2021-05-31 19:27:01-04:00,1,@jeremyjudkins @Ryanth3nerd @Tesla Agreed
2021-05-31 19:19:25-04:00,1,@Ryanth3nerd @Tesla Moving lumbar was removed only in front passenger seat of 3/Y (obv not there in rear seats). Logs showed almost no usage. Not worth cost/mass for everyone when almost never used.  Prices increasing due to major supply chain price pressure industry-wide. Raw materials especially.
2021-05-29 02:46:24-04:00,0,@teslaownersSV @TeslaNY Dark Helmet emotes Plaid well
2021-05-29 02:39:55-04:00,1,@OwenSparks_ @TeslaNY Actually true haha
2021-05-29 02:29:20-04:00,1,"@TeslaNY Basically, our entire product roadmap is from Spaceballs ü§£ü§£"
2021-05-29 02:26:56-04:00,1,@TeslaGong Yes
2021-05-27 18:25:40-04:00,0,"@Model3Owners Tesla sure would appreciate changing the law, so that this is not required!"
2021-05-25 21:20:00-04:00,1,@Astro_Elliott @Teslarati @ResidentSponge Aiming to have hot gas thrusters on booster for first orbital flight
2021-05-25 21:15:31-04:00,1,"@Teslarati @ResidentSponge Pure vision Autopilot is now rolling out in North America. There will be an update of this production release in 2 weeks, then FSD beta V9.0 (also pure vision) a week later. FSD subscription will be enabled around the same time."
2021-05-25 21:07:54-04:00,1,@Teslarati @13ericralph31 Exactly ü§£ü§£
2021-05-22 19:00:12-04:00,1,"@flcnhvy @thatdogegirl @WhatsupFranks @TeslaGong Becoming multiplanetary is one of the greatest filters. Only now, 4.5 billion years after Earth formed, is it possible.   How long this window to reach Mars remains open is uncertain. Perhaps a long time, perhaps not.   In case it is the latter, we should act now."
2021-05-20 22:33:10-04:00,1,@teslaownersSV This will actually be able to fly very briefly. I always laughed at flying cars &amp; now making one. Fate üñ§ irony haha.
2021-05-20 22:28:13-04:00,0,"@AstroJordy @Tesla We can‚Äôt wait to build this crazy truck! It‚Äôs a total rethink of vehicle mechanical architecture &amp; production methods, so super hard project, but worthwhile in the end."
2021-05-20 22:24:56-04:00,1,"@BTCsessions @TeslaGong @wintonARK Achieving truly decentralized finance ‚Äì power to the people ‚Äì is a noble &amp; important goal.   Layer count depends on projected bandwidth &amp; compute, both rising rapidly, which means single layer network can carry all human transactions in future imo.  For now, Lightning is needed."
2021-05-20 17:15:14-04:00,1,"@TeslaGong @wintonARK Ideally 0.1kWh, calculated as total energy used by system divided by max transaction rate"
2021-05-20 17:13:13-04:00,1,"@BLKMDL3 @TeslaGong @wintonARK Yes, with the SpaceX rocket thruster option package. It will be safe, but very intense. Probably not wise for those with a medical condition ‚Äì same as a hardcore roller coaster."
2021-05-20 17:06:36-04:00,1,@TeslaGong @wintonARK Bitcoin hashing (aka mining) energy usage is starting to exceed that of medium-sized countries. Almost impossible for small hashers to succeed without those massive economies of scale.
2021-05-20 14:53:11-04:00,0,@TeslaOwnersEBay @AustinTeslaClub @Kristennetten @Tesla @TeslaChillMode @CodingMark @EvaFoxU @RationalEtienne @28delayslater @WholeMarsBlog ü§£ü§£
2021-05-20 14:46:25-04:00,0,@heydave7 A longtime Tesla supporter gave me the Doge dollar sticker at Giga Berlin
2021-05-20 10:50:18-04:00,1,@thatdogegirl @WhatsupFranks @TeslaGong Worth reading
2021-05-20 10:24:24-04:00,1,"@WhatsupFranks @TeslaGong Currency is already digital! Decentralized crypto is an attempt to wrest power of currency dilution (pernicious form of taxation) &amp; capital controls from governments. That said, I sure hope the cure is better than the disease!  Mars/AI are essential to passing the great filter/s."
2021-05-20 10:07:02-04:00,1,@xSharknado @DogecoinRise @TeslaGong ü§£ü§£
2021-05-20 10:06:50-04:00,1,@DogecoinRise @TeslaGong Es wurde mir in deutschland gegeben
2021-05-20 09:55:42-04:00,1,"@TeslaGong That is my gaming laptop, which has never had a sticker until now"
2021-05-20 09:49:59-04:00,1,"@Teslarati Diess is right. Hydrogen is a staggeringly dumb form of energy storage for cars. Barely worth considering it for a rocket upper stage, which is its most compelling use."
2021-05-20 04:47:54-04:00,0,Tesla Model S Plaid delivery event June 3 at our California factory  Fastest production car ever 0 to 60mph in under 2 secs
2021-05-19 22:38:13-04:00,0,@TeslaNY @Petersen_Museum @Tesla Production article will look different (better)
2021-05-19 11:35:44-04:00,0,Tesla has üíé üôå
2021-05-17 02:49:52-04:00,0,"@BTC_Archive To clarify speculation, Tesla has not sold any Bitcoin"
2021-05-16 13:59:47-04:00,0,@TeslaHype Coming soon. Sorry for the delay!
2021-05-14 01:35:32-04:00,1,@teslaownersSV 3/4 of the way around the Earth
2021-05-12 18:59:14-04:00,0,Tesla &amp; Bitcoin  https://t.co/YSswJmVZhP
2021-05-11 05:06:35-04:00,0,Do you want Tesla to accept Doge?
2021-05-08 03:58:32-04:00,0,@PPathole @ericrihlmann @Tesla @nbcsnl @TimesSquareNYC @nycgov It pretty much looks like this
2021-05-08 03:35:36-04:00,1,@ericrihlmann @Tesla @nbcsnl @TimesSquareNYC @nycgov Great pic
2021-05-07 04:22:02-04:00,0,@Teslarati @13ericralph31 Might try to refly SN15 soon
2021-05-02 19:10:02-04:00,0,@heydave7 @Tesla A remarkable junction in history
2021-04-29 19:12:17-04:00,1,@teslaownersSV Was using this in my car last night
2021-04-29 19:09:56-04:00,1,@teslaownersSV FSD display V9.0 will show actual probability distribution of objects ‚Äì true mind‚Äôs eye of the neural net. This is so cool!
2021-04-29 19:03:47-04:00,0,@adamcarter @teslaownersSV @TeslaNY @Tesla True. Anyone paying attention to the rate of improvement will realize that Tesla Autopilot/FSD is already superhuman for highway driving &amp; swiftly getting there for city streets.
2021-04-28 22:00:51-04:00,1,"@jgrano305 @tobyliiiiiiiiii @teslaownersSV @TeslaNY @Tesla Hopefully, later this year for several more states. Insurance is different for almost every state in America &amp; regulatory approvals take time."
2021-04-28 21:58:26-04:00,0,@tobyliiiiiiiiii @teslaownersSV @TeslaNY @Tesla And hopefully EU this summer
2021-04-28 21:57:40-04:00,1,@tobyliiiiiiiiii @teslaownersSV @TeslaNY @Tesla Probably a few months. There are many subtle differences between US &amp; Canada driving.
2021-04-28 21:55:04-04:00,0,@teslaownersSV @TeslaNY @Tesla Gating factor is achieving &amp; proving higher safety with pure vision than with vision+radar. We are almost there.  FSD Beta V9.0 will blow your mind.
2021-04-28 20:58:15-04:00,0,@teslaownersSV @TeslaNY @Tesla Probably two weeks
2021-04-28 20:50:34-04:00,1,@TeslaNY @Tesla Good technical analysis
2021-04-28 18:43:07-04:00,0,@WR4NYGov @garyblack00 @Tesla @WholeMarsBlog ü§£ü§£ exactly
2021-04-27 19:25:29-04:00,0,"@garyblack00 Other companies spend money on advertising &amp; manipulating public opinion, Tesla focuses on the product.   I trust the people."
2021-04-26 20:08:01-04:00,1,"@stoolpresidente No, you do not. I have not sold any of my Bitcoin. Tesla sold 10% of its holdings essentially to prove liquidity of Bitcoin as an alternative to holding cash on balance sheet."
2021-04-26 19:47:23-04:00,0,"@Orangetilt Yeah, roughly 200MW/km^2 using currently available solar panels.   What‚Äôs really amazing is that you can store all energy needed to power a continent overnight with 1 square kilometer of stacked Tesla Megapacks!"
2021-04-22 17:13:50-04:00,0,"@AstroJordy I‚Äôm staying at a friend‚Äôs place in Florida that is 85% powered by Tesla Solar Roof + Powerwall.   When grid power goes down, air-conditioning automatically turns off in some of the house. Computers &amp; lights don‚Äôt even flicker. Owner says he doesn‚Äôt notice."
2021-04-22 02:55:03-04:00,0,"@JohnnaCrider1 @WholeMarsBlog If Tesla owners are ‚Äúconspiracy theorists‚Äù, then it would be fair to call them ‚Äúadvertising salespeople masquerading as truthtellers‚Äù.   If that‚Äôs an unfair criticism, a simple rebuttal would be to show their articles per fatality for all automakers. Tesla is  ~0.02% of deaths ‚Ä¶"
2021-04-22 02:42:17-04:00,1,Tesla Solar + Powerwall battery enables consumers to be their own utility
2021-04-22 02:07:54-04:00,1,"Powerwall 2 peak &amp; steady power capability is better than advertised.   Now that we have lots of operational data, Tesla can unlock higher capabilities for free via software update next month.   Depending on production date, power increase power may be &gt;50% at 30C ambient temp."
2021-04-21 22:20:43-04:00,1,"Starting next week, Tesla Solar Panels &amp; Solar Roof will only be sold as an integrated product *with* Tesla Powerwall battery"
2021-04-21 12:23:27-04:00,1,@TeslaNY Sandy Munro knows what he‚Äôs talking about
2021-04-21 00:53:41-04:00,1,@teslaownersSV cgi irl!
2021-04-21 00:44:12-04:00,0,"@PPathole @Tesla @SpaceX I could get a job, just not at an Internet company (weren‚Äôt many back then)"
2021-04-18 23:03:00-04:00,1,@teslaownersSV @SpaceX @NASA @considercosmos Support for humanity‚Äôs future in space is super appreciated. Let‚Äôs make the sci-fi future we want real!
2021-04-17 19:38:36-04:00,1,@WholeMarsBlog Passive Autopilot (sometimes called active safety) comes standard on all Teslas
2021-04-17 19:25:03-04:00,0,Tesla with Autopilot engaged now approaching 10 times lower chance of accident than average vehicle
2021-04-17 01:44:09-04:00,1,@WhatsupFranks Great progress by Tesla team
2021-04-15 01:12:57-04:00,1,"@RationalEtienne @F9Block5 While perhaps obvious in hindsight, it turns out that the only way to solve self-driving is to solve a big part of real-world AI. That is what Tesla is doing, both in hardware &amp; software.  Unless a company is good at AI with tight compute, it‚Äôs hopeless. This is insanely hard."
